-- MySQL dump 10.16  Distrib 10.1.48-MariaDB, for debian-linux-gnu (x86_64)
--
-- Host: localhost    Database: db
-- ------------------------------------------------------
-- Server version	10.1.48-MariaDB-0+deb9u2

/*!40101 SET @OLD_CHARACTER_SET_CLIENT=@@CHARACTER_SET_CLIENT */;
/*!40101 SET @OLD_CHARACTER_SET_RESULTS=@@CHARACTER_SET_RESULTS */;
/*!40101 SET @OLD_COLLATION_CONNECTION=@@COLLATION_CONNECTION */;
/*!40101 SET NAMES utf8mb4 */;
/*!40103 SET @OLD_TIME_ZONE=@@TIME_ZONE */;
/*!40103 SET TIME_ZONE='+00:00' */;
/*!40014 SET @OLD_UNIQUE_CHECKS=@@UNIQUE_CHECKS, UNIQUE_CHECKS=0 */;
/*!40014 SET @OLD_FOREIGN_KEY_CHECKS=@@FOREIGN_KEY_CHECKS, FOREIGN_KEY_CHECKS=0 */;
/*!40101 SET @OLD_SQL_MODE=@@SQL_MODE, SQL_MODE='NO_AUTO_VALUE_ON_ZERO' */;
/*!40111 SET @OLD_SQL_NOTES=@@SQL_NOTES, SQL_NOTES=0 */;

--
-- Table structure for table `Categories`
--

DROP TABLE IF EXISTS `Categories`;
/*!40101 SET @saved_cs_client     = @@character_set_client */;
/*!40101 SET character_set_client = utf8 */;
CREATE TABLE `Categories` (
  `id` smallint(6) DEFAULT NULL,
  `category` varchar(14) DEFAULT NULL
) ENGINE=InnoDB DEFAULT CHARSET=utf8mb4;
/*!40101 SET character_set_client = @saved_cs_client */;

--
-- Dumping data for table `Categories`
--

LOCK TABLES `Categories` WRITE;
/*!40000 ALTER TABLE `Categories` DISABLE KEYS */;
INSERT INTO `Categories` VALUES (1,'calendar'),(2,'colors'),(3,'numbers'),(4,'weather'),(5,'measurements'),(6,'families'),(7,'people'),(8,'home'),(9,'adjectives'),(10,'food'),(11,'clothing'),(12,'the body'),(13,'medicine'),(14,'transportation'),(15,'animals'),(16,'geography'),(17,'sports/games'),(19,'places to go'),(20,'money/shopping'),(21,'time'),(22,'professions'),(23,'shapes'),(24,'adverbs'),(159,'country');
/*!40000 ALTER TABLE `Categories` ENABLE KEYS */;
UNLOCK TABLES;

--
-- Table structure for table `Conjugations`
--

DROP TABLE IF EXISTS `Conjugations`;
/*!40101 SET @saved_cs_client     = @@character_set_client */;
/*!40101 SET character_set_client = utf8 */;
CREATE TABLE `Conjugations` (
  `id` smallint(6) DEFAULT NULL,
  `verb` smallint(6) DEFAULT NULL,
  `tense` tinyint(4) DEFAULT NULL,
  `yo` varchar(12) DEFAULT NULL,
  `tu` varchar(13) DEFAULT NULL,
  `el` varchar(12) DEFAULT NULL,
  `nosotros` varchar(15) DEFAULT NULL,
  `vosotros` varchar(14) DEFAULT NULL,
  `ellos` varchar(13) DEFAULT NULL
) ENGINE=InnoDB DEFAULT CHARSET=utf8mb4;
/*!40101 SET character_set_client = @saved_cs_client */;

--
-- Dumping data for table `Conjugations`
--

LOCK TABLES `Conjugations` WRITE;
/*!40000 ALTER TABLE `Conjugations` DISABLE KEYS */;
INSERT INTO `Conjugations` VALUES (1,1,1,'abro','abres','abre','abrimos','abrís','abren'),(2,1,2,'abrí','abriste','abrió','abrimos','abristeis','abrieron'),(3,1,3,'abría','abrías','abría','abríamos','abríais','abrían'),(4,1,4,'abriría','abrirías','abriría','abriríamos','abriríais','abrirían'),(5,1,5,'abriré','abrirás','abrirá','abriremos','abriréis','abrirán'),(6,2,1,'acabo','acabas','acaba','acabamos','acabáis','acaban'),(7,2,2,'acabé','acabaste','acabó','acabamos','acabsteis','acabaron'),(8,2,3,'acababa','acababas','acababa','acabábamos','acababais','acababan'),(9,2,4,'acabaría','acabarías','acabaría','acabaríamos','acabaríais','acabarían'),(10,2,5,'acabaré','acabarás','acabará','acabaremos','acabaréis','acabarán'),(11,3,1,'acepto','aceptas','acepta','aceptamos','aceptáis','aceptan'),(12,3,2,'acepté','aceptaste','aceptó','aceptamos','aceptasteis','aceptaron'),(13,3,3,'aceptaba','aceptabas','aceptaba','aceptábamos','aceptabais','aceptaban'),(14,3,4,'aceptaría','aceptarías','aceptaría','aceptaríamos','aceptaríais','aceptarían'),(15,3,5,'aceptaré','aceptarás','aceptar','aceptaremos','aceptaréis','aceptarán'),(16,4,1,'alcanzo','alcanzas','alcanza','alcanzamos','alcanzáis','alcanzan'),(17,4,2,'alcancé','alcanzaste','alcanzó','alcanzamos','alcanzasteis','alcanzaron'),(18,4,3,'alcanzaba','alcanzabas','alcanzaba','alcanzábamos','alcanzabais','alcanzaban'),(19,4,4,'alcanzaría','alcanzarías','alcanzaría','alcanzaríamos','alcanzaríais','alcanzarían'),(20,4,5,'alcanzaré','alcanzarás','alcanzará','alcanzaremos','alcanzaréis','alcanzarán'),(21,5,1,'aparezco','apareces','aparece','aparecemos','aparecéis','aparecen'),(22,5,2,'aparecí','apareciste','apareció','aparecimos','aparecisteis','aparecieron'),(23,5,3,'aparecía','aparecías','aparecía','aparecíamos','aparecíais','aparecían'),(24,5,4,'aparecería','aparecerías','aparecería','apareceríamos','apareceríais','aparecerían'),(25,5,5,'apareceré','aparecerás','aparecerá','apareceremos','apareceréis','aparecerán'),(26,6,1,'ayudo','ayudas','ayuda','ayudamos','ayudáis','ayudan'),(27,6,2,'ayudé','ayudaste','ayudó','ayudamos','ayudasteis','ayudaron'),(28,6,3,'ayudaba','ayudabas','ayudaba','ayudábamos','ayudabais','ayudaban'),(29,6,4,'ayudaría','aydudarías','ayudaría','aydudaríamos','ayudaríais','ayudarían'),(30,6,5,'ayudaré','ayudarás','ayudará','ayudaremos','ayudaréis','ayudarán'),(31,7,1,'bebo','bebes','bebe','bebemos','bebéis','beben'),(32,7,2,'bebí','bebiste','bebió','bebimos','bebisteis','bebieron'),(33,7,3,'bebía','bebías','bebía','bebíamos','bebíais','bebían'),(34,7,4,'bebería','beberías','bebería','beberíamos','beberíais','beberían'),(35,7,5,'beberé','beberás','beberá','beberemos','beberéis','beberán'),(36,8,1,'busco','buscas','busca','buscamos','buscáis','buscan'),(37,8,2,'busqué','buscaste','buscó','buscamos','buscasteis','buscaron'),(38,8,3,'buscaba','buscabas','buscaba','buscábamos','buscabais','buscaban'),(39,8,4,'buscaría','buscarías','buscaría','buscaríamos','buscaríais','buscarían'),(40,8,5,'buscaré','buscarás','buscará','buscaremos','buscaréis','buscarán'),(41,9,1,'caigo','caes','cae','caemos','caéis','caen'),(42,9,2,'caí','caíste','cayó','caímos','caísteis','cayeron'),(43,9,3,'caía','caías','caía','caíamos','caíais','caían'),(44,9,4,'caería','caerías','caería','caeríamos','caeríais','caerían'),(45,9,5,'caeré','caerás','caerá','caeremos','caeréis','caerán'),(46,10,1,'cambio','cambias','cambia','cambiamos','cambiáis','cambian'),(47,10,2,'cambié','cambiaste','cambió','cambiamos','cambiasteis','cambiaron'),(48,10,3,'cambiaba','cambiabas','cambiaba','cambiábamos','cambiabais','cambiaban'),(49,10,4,'cambiaría','cambiarías','cambiaría','cambiaríamos','cambiaríais','cambiarían'),(50,10,5,'cambiaré','cambiarás','cambiará','cambiaremos','cambiaréis','cambiarán'),(51,11,1,'camino','caminas','camina','caminamos','camináis','caminan'),(52,11,2,'caminé','caminaste','caminó','caminamos','caminasteis','caminaron'),(53,11,3,'caminaba','caminabas','caminaba','caminábamos','caminabais','caminaban'),(54,11,4,'caminaría','caminarías','caminaría','caminaríamos','caminaríais','caminarían'),(55,11,5,'caminaré','caminarás','caminará','caminaremos','caminaréis','caminarán'),(56,12,1,'comienzo','comienzas','comienza','comenzamos','comenzáis','comienzan'),(57,12,2,'comencé','comenzaste','comenzó','comenzamos','comenzasteis','comenzaron'),(58,12,3,'comenzaba','comenzabas','comenzaba','comenzábamos','comenzabais','comenzaban'),(59,12,4,'comenzaría','comenzarías','comenzaría','comenzaríamos','comenzaríais','comenzarían'),(60,12,5,'comenzaré','comenzarás','comenzará','comenzaremos','comenzaréis','comenzarán'),(61,13,1,'como','comes','come','comemos','coméis','comen'),(62,13,2,'comí','comiste','comió','comimos','comisteis','comieron'),(63,13,3,'comía','comías','comía','comíamos','comíais','comían'),(64,13,4,'comería','comerías','comería','comeríamos','comeríais','comerían'),(65,13,5,'comeré','comerás','comerá','comeremos','comeréis','comerán'),(66,14,1,'comprendo','comprendes','comprende','comprendemos','comprendéis','comprenden'),(67,14,2,'comprendí','comprendiste','comprendió','comprendimos','comprendisteis','comprendieron'),(68,14,3,'comprendía','comprendías','comprendía','comprendíamos','comprendíais','comprendían'),(69,14,4,'comprendería','comprenderías','comprendería','comprenderíamos','comprenderíais','comprenderían'),(70,14,5,'comprenderé','comprenderás','comprenderá','comprenderemos','comprenderéis','comprenderán'),(71,15,1,'conozco','conoces','conoce','conocemos','conocéis','conocen'),(72,15,2,'conocí','conociste','conocío','conocimos','conocisteis','conocieron'),(73,15,3,'conocía','conocías','conocía','conocíamos','conocíais','conocían'),(74,15,4,'conocería','conocerías','conocería','conoceríamos','conoceríais','conocerían'),(75,15,5,'conoceré','conocerás','conocerá','conoceremos','conoceréis','conocerán'),(76,16,1,'consigo','consigue','consigue','conseguimos','conseguís','consiguen'),(77,16,2,'conseguí','conseguiste','consiguió','conseguimos','conseguisteis','consiguieron'),(78,16,3,'conseguía','conseguías','conseguía','conseguíamos','conseguías','conseguían'),(79,16,4,'conseguiría','conseguirías','conseguiría','conseguiríamos','conseguiríais','conseguirían'),(80,16,5,'conseguiré','conseguirás','conseguirá','conseguiremos','conseguiréis','conseguirán'),(81,17,1,'considero','consideras','considera','consideramos','consideráis','consideran'),(82,17,2,'consideré','consideraste','consideró','consideramos','considerasteis','consideraron'),(83,17,3,'consideraba','considerabas','consideraba','considerábamos','considerabais','consideraban'),(84,17,4,'consideraría','considerarías','consideraría','consideraríamos','consideraríais','considerarían'),(85,17,5,'consideraré','considerarás','considerará','consideraremos','consideraréis','considerarán'),(86,18,1,'cuento','cuentas','cuenta','contamos','contáis','cuentan'),(87,18,2,'conté','contaste','contó','contamos','contasteis','contaron'),(88,18,3,'contaba','contabas','contaba','contábamos','contabais','contaban'),(89,18,5,'contaré','contarás','contará','contaremos','contaréis','contarán'),(90,18,4,'contaría','contarías','contaría','contaríamos','contaríais','contarían'),(91,19,1,'convierto','conviertes','convierte','convertimos','convertís','convierten'),(92,19,2,'convertí','convertiste','convirtió','convertimos','convertisteis','convirtieron'),(93,19,3,'convertía','convertías','convertía','convertíamos','convertíais','convertían'),(94,19,4,'convertiría','convertirías','convertiría','convertiríamos','convertiríais','convertirían'),(95,19,5,'convertiré','convertirás','convertirá','convertiremos','convertiréis','convertirán'),(96,20,1,'corro','corres','corre','corremos','corréis','corren'),(97,20,2,'corrí','corriste','corrió','corrimos','corristeis','corrieron'),(98,20,3,'corría','corrías','corría','corríamos','corríais','corrían'),(99,20,4,'correría','correrías','correría','correríamos','correríais','correrían'),(100,20,5,'correré','correrás','correrá','correremos','correréis','correrán'),(101,21,1,'creo','creas','crea','creamos','creáis','crean'),(102,21,2,'creé','creaste','creó','creamos','creasteis','crearon'),(103,21,3,'creaba','creabas','creaba','creábamos','creabais','creaban'),(104,21,4,'crearía','crearías','crearía','crearíamos','crearíais','crearían'),(105,21,5,'crearé','crearás','creará','crearemos','crearéis','crearán'),(106,22,1,'creo','crees','cree','creemos','creéis','creen'),(107,22,2,'creí','creíste','creyó','creímos','creísteis','creyeron'),(108,22,3,'creía','creías','creía','creíamos','creíais','creían'),(109,22,4,'creería','creerías','creería','creeríamos','creeríais','creerían'),(110,22,5,'creeré','creerás','creerá','creeremos','creeréis','creerán'),(111,23,1,'cumplo','cumples','cumple','cumplimos','cumplís','cumplen'),(112,23,2,'cumplí','cumpliste','cumplió','cumplimos','cumplisteis','cumplieron'),(113,23,3,'cumplía','cumplías','cumplía','cumplíamos','cumplíais','cumplían'),(114,23,5,'cumpliré','cumplirás','cumplirá','cumpliremos','cumpliréis','cumplirán'),(115,23,4,'cumpliría','cumplirías','cumpliría','cumpliríamos','cumpliríais','cumplirían'),(116,24,1,'doy','das','da','damos','dais','dan'),(117,24,2,'di','diste','dio','dimos','disteis','dieron'),(118,24,3,'daba','dabas','daba','dábamos','dabais','daban'),(119,24,4,'daría','darías','daría','daríamos','daríais','darían'),(120,24,5,'daré','darás','dará','daremos','daréis','darán'),(121,25,1,'dejo','dejas','deja','dejamos','dejáis','dejan'),(122,25,2,'dejé','dejaste','dejó','dejamos','dejasteis','dejaban'),(123,25,3,'dejaba','dejabas','dejaba','dejábamos','dejabais','dejaban'),(124,25,4,'dejaría','dejarías','dejaría','dejaríamos','dejaríais','dejarían'),(125,25,5,'dejaré','dejarás','dejará','dejaremos','dejaréis','dejarán'),(126,26,1,'descubro','descubres','descubre','descubrimos','descubrs','descubren'),(127,26,2,'descubrí','descubriste','descubrió','descubrimos','descubristeis','descubrieron'),(128,26,3,'descubría','descubrías','descubría','descubríamos','descubríais','descubrían'),(129,26,4,'descubriría','descubrirías','descubriría','descubriríamos','descubriríais','descubrirían'),(130,26,5,'descubriré','descubrirás','descubrirá','descubriremos','descubriréis','descubrirán'),(131,27,1,'digo','dices','dice','dicimos','decís','dicen'),(132,27,2,'dije','dijiste','dijo','dijimos','dijisteis','dijieron'),(133,27,3,'decía','decías','decía','decíamos','decíais','decían'),(134,27,4,'diría','dirías','diría','diríamos','diríais','dirían'),(135,27,5,'diré','dirás','dirá','diremos','diréis','dirán'),(136,28,1,'dirigo','diriges','dirige','dirigimos','dirigís','dirigen'),(137,28,2,'dirigí','dirigiste','dirigió','dirigimos','dirigisteis','dirigieron'),(138,28,4,'dirigiría','dirigirías','dirigiría','dirigiríamos','dirigiríais','dirigirían'),(139,28,3,'dirigía','dirigías','dirigía','dirigíamos','dirigíais','dirigían'),(140,28,5,'dirigiré','dirigirás','dirigirá','dirigiremos','dirigiréis','dirigirán'),(141,29,1,'duermo','duermes','duerme','dormimos','dormís','duermen'),(142,29,2,'dormí','dormiste','durmió','dormimos','dormisteis','durmieron'),(143,29,3,'dormía','dormías','dormía','dormíamos','dormíais','dormían'),(144,29,4,'dormiría','dormirías','dormiría','dormiríamos','dormiríais','dormirían'),(145,29,5,'dormiré','dormirás','dormirá','dormiremos','dormiréis','dormirán'),(146,30,1,'empiezo','empiezas','empieza','empezamos','empezáis','empiezan'),(147,30,2,'empecé','empezaste','empezó','empezamos','empezasteis','empezaron'),(148,30,3,'empezaba','empezabas','empezaba','empezábamos','empezabais','empezaban'),(149,30,5,'emperzaré','empezarás','emperzará','empezaremos','empezaréis','empezarán'),(150,30,4,'emperzaría','emperzarías','empezaría','empezaríamos','empezaríais','empezarían'),(151,31,1,'encuentro','encuentras','encuentra','encontramos','encontráis','encuentran'),(152,31,2,'encontré','encontraste','encontró','encontramos','encontrasteis','encontraron'),(153,31,3,'encontraba','encontrabas','encontraba','encontrábamos','encontrabais','encontraban'),(154,31,4,'encontraría','encontrarías','encontraría','encontraríamos','encontraríais','encontrarían'),(155,31,5,'encontraré','encontrarás','encontrará','encontraremos','encontraréis','encontrarán'),(156,32,1,'entiendo','entiendes','entiende','entendemos','entendéis','entienden'),(157,32,2,'entendí','entendiste','entendió','entendimos','entendisteis','entendieron'),(158,32,3,'entendía','entendías','entendía','entendíamos','entendíais','entendían'),(159,32,5,'entenderé','entenderás','entenderá','entenderemos','entenderéis','entenderán'),(160,32,4,'entendería','entenderías','entendería','entenderíamos','entenderíais','entenderían'),(161,33,1,'entro','entras','entra','entramos','entráis','entran'),(162,33,2,'entré','entraste','entró','entramos','entrasteis','entraron'),(163,33,3,'entraba','entrabas','entraba','entrábamos','entrabais','entraban'),(164,33,5,'entraré','entrarás','entrará','entraremos','entraréis','entrarán'),(165,33,4,'entraría','entrarías','entraría','entraríamos','entraríais','entrarían'),(166,34,1,'escribo','escribes','escribe','escribimos','escribís','escriben'),(167,34,2,'escribí','escribiste','escribió','escribimos','escribisteis','escribieron'),(168,34,3,'escribía','escribías','escribía','escribíamos','escribíais','escribían'),(169,34,4,'escribiría','escribirías','escribiría','escribiríamos','escribiríais','escribirían'),(170,34,5,'escribiré','escribirás','escribirá','escribiremos','escribiréis','escribirán'),(171,35,1,'utilizo','utilizas','utiliza','utilizamos','utilizáis','utilizan'),(172,35,2,'utilicé','utilizaste','utilizó','utilizamos','utilizasteis','utilizaron'),(173,35,3,'utilizaba','utilizabas','utilizaba','utilizábamos','utilizabais','utilizaban'),(174,35,5,'utilizaré','utilizarás','utilizará','utilizaremos','utilizaréis','utilizarán'),(175,35,4,'utilizaría','utilizarías','utilizaría','utilizaríamos','utilizaríais','utilizarían'),(176,36,1,'vengo','vienes','viene','venimos','venís','vienen'),(177,36,2,'vine','viniste','vino','vinimos','vinisteis','vinieron'),(178,36,5,'vendré','vendrás','vendrá','vendremos','vendréis','vendrán'),(179,36,4,'vendría','vendrías','vendría','vendríamos','vendríais','vendrían'),(180,36,3,'venía','venías','venía','veníamos','veníais','venían'),(181,37,1,'veo','ves','ve','vemos','veis','ven'),(182,37,2,'vi','viste','vio','vimos','visteis','vieron'),(183,37,3,'veía','veías','veía','veíamos','veíais','veían'),(184,37,4,'vería','verías','vería','veríamos','veríais','verían'),(185,37,5,'veré','verás','verá','veremos','veréis','verán'),(186,38,1,'vivo','vives','vive','vivimos','vivís','viven'),(187,38,2,'viví','viviste','vivió','vivimos','vivisteis','vivieron'),(188,38,3,'vivía','vivías','vivía','vivíamos','vivíais','vivían'),(189,38,4,'viviría','vivirías','viviría','viviríamos','viviríais','vivirían'),(190,38,5,'viviré','vivirás','vivirá','viviremos','viviréis','vivirán'),(191,39,1,'vuelvo','vuelves','vuelve','volvemos','volvéis','vuelven'),(192,39,2,'volví','volviste','volvió','volvimos','volvisteis','volvieron'),(193,39,3,'volvía','volvías','volvía','volvíamos','volvíais','volvían'),(194,39,4,'volvería','volverías','volvería','volveríamos','volveríais','volverían'),(195,39,5,'volveré','volverás','volverá','volveremos','volveréis','volverán'),(196,40,1,'escucho','escuchas','escucha','escuchamos','escucháis','escuchan'),(197,40,2,'escuché','escuchaste','escuchó','escuchamos','escuchasteis','escucharon'),(198,40,4,'escucharía','escucharías','escucharía','escucharíamos','escucharíais','escucharían'),(199,40,3,'escuchaba','escuchabas','escuchaba','escuchábamos','escuchabais','escuchaban'),(200,40,5,'escucharé','escucharás','escuchará','escucharemos','escucharéis','escucharán'),(201,41,1,'espero','esperas','espera','esperamos','esperáis','esperan'),(202,41,2,'esperé','esperaste','esperó','esperamos','esperasteis','esperaron'),(203,41,3,'esperaba','esperabas','esperaba','esperábamos','esperabais','esperaban'),(204,41,4,'esperaría','esperarías','esperaría','esperaríamos','esperaríais','esperarían'),(205,41,5,'esperaré','esperarás','esperará','esperaremos','esperaréis','esperarán'),(206,42,1,'estoy','estás','está','estuvimos','estuvisteis','estuvieron'),(207,42,2,'estuve','estuviste','estuvo','estuvimos','estuvisteis','estuvieron'),(208,42,4,'estaría','estarías','estaría','estaríamos','estaríais','estarían'),(209,42,3,'estaba','estabas','estaba','estábamos','estabais','estaban'),(210,42,5,'estaré','estarás','estará','estaremos','estaréis','estarán'),(211,43,1,'estudio','estudias','estudia','estudiamos','estudiáis','estudian'),(212,43,2,'estudié','estudiaste','estudió','estudiamos','estudiasteis','estudiaron'),(213,43,3,'estudiaba','estudiabas','estudiaba','estudiábamos','estudiabais','estudiaban'),(214,43,5,'estudiaré','estudiarás','estudiará','estudiaremos','estudiaréis','estudiarán'),(215,43,4,'estudiaría','estudiarías','estudiaría','estudiaríamos','estudiaríais','estudiarían'),(216,44,1,'existo','existes','existe','existimos','existís','existen'),(217,44,2,'existí','exististe','existió','existimos','exististeis','existieron'),(218,44,3,'existía','existías','existía','existíamos','existíais','existían'),(219,44,4,'existiría','existirías','existiría','existiríamos','existiríais','existirían'),(220,44,5,'existiré','existirás','existirá','existiremos','existiréis','existirán'),(221,45,1,'explico','explicas','explica','explicamos','explicáis','explican'),(222,45,2,'expliqué','explicaste','explicó','explicamos','explicasteis','explicaron'),(223,45,3,'explicaba','explicabas','explicaba','explicábamos','explicabais','explicaban'),(224,45,4,'explicaría','explicarías','explicaría','explicaríamos','explicaríais','explicarían'),(225,45,5,'explicaré','explicarás','explicará','explicaremos','explicaréis','explicarán'),(226,46,1,'formo','formas','forma','formamos','formáis','forman'),(227,46,2,'formé','formaste','formó','formamos','formasteis','formaron'),(228,46,3,'formaba','formabas','formaba','formábamos','formabais','formaban'),(229,46,4,'formaría','formarías','formaría','formaríamos','formaríais','formarían'),(230,46,5,'formaré','formarás','formará','formaremos','formaréis','formarán'),(231,47,1,'gano','ganas','gana','ganamos','ganáis','ganan'),(232,47,2,'gané','ganaste','ganó','ganamos','ganasteis','ganaron'),(233,47,3,'ganaba','ganabas','ganaba','ganábamos','ganabais','ganaban'),(234,47,4,'ganaría','ganarías','ganaría','ganaríamos','ganaríais','ganarían'),(235,47,5,'ganaré','ganarás','ganará','ganaremos','ganaréis','ganarán'),(236,48,1,'gusto','gustas','gusta','gustamos','gustáis','gustan'),(237,48,2,'gusté','gustaste','gustó','gustamos','gustasteis','gustaron'),(238,48,3,'gustaba','gustabas','gustaba','gustábamos','gustabais','gustaban'),(239,48,4,'gustaría','gustarías','gustaría','gustaríamos','gustaríais','gustarían'),(240,48,5,'gustaré','gustarás','gustará','gustaremos','gustaréis','gustarán'),(241,49,1,'he','has','ha, hay','hemos','habéis','han'),(242,49,2,'hube','hubiste','hubo','hubimos','hubisteis','hubieron'),(243,49,5,'habré','habrás','habrá','habremos','habréis','habrán'),(244,49,3,'había','habías','había','habíamos','habíais','habían'),(245,49,4,'habría','habrías','habría','habríamos','habríais','habrían'),(246,50,1,'hablo','hablas','habla','hablamos','habláis','hablan'),(247,50,5,'hablaré','hablarás','hablará','hablaremos','hablaréis','hablarán'),(248,50,2,'hablé','hablaste','habló','hablamos','hablasteis','hablaron'),(249,50,3,'hablaba','hablabas','hablaba','hablábamos','hablabais','hablaban'),(250,50,4,'hablaría','hablarías','hablaría','hablaríamos','hablaríais','hablarían'),(251,51,1,'hago','haces','hace','hacemos','hacéis','hacen'),(252,51,2,'hice','hiciste','hizo','hicimos','hicisteis','hicieron'),(253,51,3,'hacía','hacías','hacía','hacíamos','hacíais','hacían'),(254,51,4,'haría','harías','haría','haríamos','haríais','harían'),(255,51,5,'haré','harás','hará','haremos','haréis','harán'),(256,52,1,'intento','intentas','intenta','intentamos','intentáis','intentan'),(257,52,2,'intenté','intentaste','intentó','intentamos','intentasteis','intentaron'),(258,52,3,'intentaba','intentabas','intentaba','intentabamos','intentabais','intentaban'),(259,52,4,'intentaría','intentarías','intentaría','intentaríamos','intentaríais','intentarían'),(260,52,5,'intentaré','intentarás','intentará','intentaremos','intentaréis','intentarán'),(261,53,1,'voy','vas','va','vamos','vais','van'),(262,53,2,'fui','fuiste','fue','fuimos','fuisteis','fueron'),(263,53,5,'iré','irás','irá','irremos','iréis','irán'),(264,53,3,'iba','ibas','iba','íbamos','ibais','iban'),(265,53,4,'iría','irías','iría','iríamos','iríais','irían'),(266,54,1,'juego','juegas','juega','jugamos','jugáis','juegan'),(267,54,2,'jugué','jugaste','jugó','jugamos','jugasteis','jugaron'),(268,54,3,'jugaba','jugabas','jugaba','jugábamos','jugabais','jugaban'),(269,54,5,'jugaré','jugarás','jugará','jugaremos','jugaréis','jugarán'),(270,54,4,'jugaría','jugarías','jugaría','jugaríamos','jugaríais','jugarían'),(271,55,1,'leo','lees','lee','leemos','leéis','leen'),(272,55,3,'leía','leías','leía','leíamos','leíais','leían'),(273,55,5,'leeré','leerás','leerá','leeremos','leeréis','leerán'),(274,55,2,'leí','leíste','leyó','leímos','leísteis','leyeron'),(275,55,4,'leería','leerías','leería','leeríamos','leeríais','leerían'),(276,56,1,'levanto','levantas','levanta','levantamos','levantáis','levantan'),(277,56,2,'levanté','levantaste','levantó','levantamos','levantasteis','levantaron'),(278,56,3,'levantaba','levantabas','levantaba','levantábamos','levantabais','levantaban'),(279,56,4,'levantaría','levantarías','levantaría','levantaríamos','levantaríais','levantarían'),(280,56,5,'levantaré','levantarás','levantará','levantaremos','levantaréis','levantarán'),(281,57,1,'llamo','llamas','llama','llamamos','llamáis','llaman'),(282,57,2,'llamé','llamaste','llamó','llamamos','llamasteis','llamaron'),(283,57,4,'llamaría','llamarías','llamaría','llamaríamos','llamaríais','llamarían'),(284,57,5,'llamaré','llamarás','llamará','llamaremos','llamaréis','llamarán'),(285,57,3,'llamaba','llamabas','llamaba','llamábamos','llamabais','llamaban'),(286,58,1,'llego','llegas','llega','llegamos','llegáis','llegan'),(287,58,2,'llegué','llegaste','llegó','llegamos','llegasteis','llegaron'),(288,58,3,'llegaba','llegabas','llegaba','llegábamos','llegabais','llegaban'),(289,58,5,'llegaré','llegarás','llegará','llegaremos','llegaréis','llegarán'),(290,58,4,'llegaría','llegarías','llegaría','llegaríamos','llegaríais','llegarían'),(291,59,1,'llevo','llevas','lleva','llevamos','lleváis','llevan'),(292,59,2,'llevé','llevaste','llevó','llevamos','llevasteis','llevaron'),(293,59,3,'llevaba','llevabas','llevaba','llevábamos','llevabais','llevaban'),(294,59,4,'llevaría','llevarías','llevaría','llevaríamos','llevaríais','llevarían'),(295,59,5,'llevaré','llevarás','llevará','llevaremos','llevaréis','llevarán'),(296,60,1,'logro','logras','logra','logramos','lográis','logran'),(297,60,2,'logré','lograste','logró','logramos','lograsteis','lograron'),(298,60,5,'lograré','lograrás','logrará','lograremos','lograréis','lograrán'),(299,60,4,'lograría','lograrías','lograría','lograríamos','lograríais','lograrían'),(300,60,3,'lograba','lograbas','lograba','lográbamos','lograbais','lograban'),(301,61,1,'mantengo','mantienes','mantiene','mantenemos','mantenéis','mantienen'),(302,61,2,'mantuve','mantuviste','mantuvo','mantuvimos','mantuvisteis','mantuvieron'),(303,61,3,'mantenía','mantenías','mantenía','manteníamos','manteníais','mantenían'),(304,61,4,'mantendría','mantendrías','mantendría','mantendríamos','mantendríais','mantendrían'),(305,61,5,'mantendré','mantendrás','mantendrá','mantendremos','mantendréis','mantendrán'),(306,62,1,'miro','miras','mira','miramos','miráis','miran'),(307,62,2,'miré','miraste','miró','miramos','mirasteis','miraron'),(308,62,3,'miraba','mirabas','miraba','mirábamos','mirabais','miraban'),(309,62,4,'miraría','mirarías','miraría','miraríamos','miraríais','mirarían'),(310,62,5,'miraré','mirarás','mirará','miraremos','miraréis','mirarán'),(311,63,1,'muero','mueres','muere','morimos','morís','mueren'),(312,63,2,'morí','moriste','murió','morimos','moristeis','murieron'),(313,63,3,'moría','morías','moría','moríamos','moríais','morían'),(314,63,4,'moriría','morirías','moriría','moriríamos','moriríais','morirían'),(315,63,5,'moriré','morirás','morirá','moriremos','moriréis','morirán'),(316,64,1,'nazco','naces','nace','nacemos','nacéis','nacen'),(317,64,2,'nací','naciste','nació','nacimos','nacisteis','nacieron'),(318,64,3,'nacía','nacías','nacía','nacíamos','nacíais','nacían'),(319,64,4,'nacería','nacerías','nacería','naceríamos','naceríais','nacerían'),(320,64,5,'naceré','nacerás','nacerá','naceremos','naceréis','nacerán'),(321,65,1,'necesito','necesitas','necesita','necesitamos','necesitáis','necesitan'),(322,65,2,'necesité','necesitaste','necesitó','necesitamos','necesitasteis','necesitaron'),(323,65,3,'necesitaba','necesitabas','necesitaba','necesitábamos','necesitabais','necesitaban'),(324,65,4,'necesitaría','necesitarías','necesitaría','necesitaríamos','necesitaríais','necesitarían'),(325,65,5,'necesitaré','necesitarás','necesitará','necesitaremos','necesitaréis','necesitarán'),(326,66,1,'ocurro','ocurres','ocurre','ocurrimos','ocurrís','ocurren'),(327,66,2,'ocurrí','ocurriste','ocurrió','ocurrimos','ocurristeis','ocurrieron'),(328,66,4,'ocurriría','ocurrirías','ocurriría','ocurriríamos','ocurriríais','ocurrirían'),(329,66,5,'ocurriré','ocurrirás','ocurrirá','ocurriremos','ocurriréis','ocurrirán'),(330,66,3,'ocurría','ocurrías','ocurría','ocurríamos','ocurríais','ocurrían'),(331,67,1,'ofrezco','ofreces','ofrece','ofrecemos','ofrecéis','ofrecen'),(332,67,2,'ofrecí','ofreciste','ofreció','ofrecimos','ofrecisteis','ofrecieron'),(333,67,5,'ofreceré','ofrecerás','ofrecerá','ofreceremos','ofreceréis','ofrecerán'),(334,67,3,'ofrecía','ofrecías','ofrecía','ofrecíamos','ofrecíais','ofrecían'),(335,67,4,'ofrecería','ofrecerías','ofrecería','ofreceríamos','ofreceríais','ofrecerían'),(336,68,1,'oigo','oyes','oye','oímos','oís','oyen'),(337,68,2,'oí','oíste','oyó','oímos','oísteis','oyeron'),(338,68,3,'oía','oías','oía','oíamos','oíais','oían'),(339,68,4,'oiría','oirías','oiría','oiríamos','oiríais','oirían'),(340,68,5,'oiré','oirás','oirá','oiremos','oiréis','oirán'),(341,69,1,'pago','pagas','paga','pagamos','pagáis','pagan'),(342,69,2,'pagué','pagaste','pagó','pagamos','pagasteis','pagaron'),(343,69,3,'pagaba','pagabas','pagaba','pagábamos','pagabais','pagaban'),(344,69,4,'pagaría','pagarías','pagaría','pagaríamos','pagaríais','pagarían'),(345,69,5,'pagaré','pagarás','pagará','pagaremos','pagaréis','pagarán'),(346,70,1,'parezco','pareces','parece','parecemos','parecéís','parecen'),(347,70,2,'parecí','pareciste','pareció','parecimos','parecisteis','parecieron'),(348,70,3,'parecía','parecías','parecía','parecíamos','parecíais','parecían'),(349,70,5,'pareceré','parecerás','parecerá','pareceremos','paraceréis','parecerán'),(350,70,4,'parecería','parecerías','parecería','pareceríamos','pareceríais','parecerían'),(351,71,1,'parto','partes','parte','partimos','partís','parten'),(352,71,2,'partí','partiste','partió','partimos','partisteis','partieron'),(353,71,3,'partía','partías','partía','partíamos','partíais','partían'),(354,71,4,'partiría','partirías','partiría','partiríamos','partiríais','partirían'),(355,71,5,'partiré','partirás','partirá','partiremos','partiréis','partirán'),(356,72,1,'paso','pasas','pasa','pasamos','pasáis','pasan'),(357,72,2,'pasé','pasaste','pasó','pasamos','pasasteis','pasaron'),(358,72,3,'pasaba','pasabas','pasaba','pasábamos','pasabais','pasaban'),(359,72,5,'pasaré','pasarás','pasará','pasaremos','pasaréis','pasarán'),(360,72,4,'pasaría','pasarías','pasaría','pasaríamos','pasaríais','pasarían'),(361,73,1,'pido','pides','pide','pedimos','pedís','piden'),(362,73,2,'pedí','pediste','pidió','pedimos','pedisteis','pidieron'),(363,73,3,'pedía','pedías','pedía','pedíamos','pedíais','pedían'),(364,73,4,'pediría','pedirías','pediría','pediríamos','pediríais','pedirían'),(365,73,5,'pediré','pedirás','pedirá','pediremos','pediréis','pedirán'),(366,74,1,'pienso','piensas','piensa','pensamos','pensáis','piensan'),(367,74,2,'pensé','pensaste','pensó','pensamos','pensasteis','pensaron'),(368,74,3,'pensaba','pensabas','pensaba','pensábamos','pensabais','pensaban'),(369,74,4,'pensaría','pensarías','pensaría','pensaríamos','pensaríais','pensarían'),(370,74,5,'pensaré','pensarás','pensará','pensaremos','pensaréis','pensarán'),(371,75,1,'pierdo','pierdes','pierde','perdemos','perdéis','pierden'),(372,75,2,'perdí','perdiste','perdió','perdimos','perdisteis','perdieron'),(373,75,5,'perderé','perderás','perderá','perderemos','perderéis','perderán'),(374,75,3,'perdía','perdías','perdía','perdíamos','perdíais','perdían'),(375,75,4,'perdería','perderías','perdería','perderíamos','perderíais','perderían'),(376,76,1,'permito','permites','permite','permitimos','permitís','permiten'),(377,76,5,'permitiré','permitirás','permitirá','permitiremos','permitiréis','permitirán'),(378,76,2,'permití','permitiste','permitió','permitimos','permitisteis','permitieron'),(379,76,3,'permitía','permitías','permitía','permitíamos','permitíais','permitían'),(380,76,4,'permitiría','permitirías','permitiría','permitiríamos','permitiríais','permitirían'),(381,77,1,'puedo','puedes','puede','podemos','podéis','pueden'),(382,77,5,'podré','podrás','podrá','podremos','podréis','podrán'),(383,77,2,'pude','pudiste','pudo','pudimos','pudisteis','pudieron'),(384,77,3,'podía','podías','podía','podíamos','podíais','podían'),(385,77,4,'podría','podrías','podría','podríamos','podríais','podrían'),(386,78,1,'pongo','pones','pone','ponemos','ponéis','ponen'),(387,78,2,'puse','pusiste','puso','pusimos','pusisteis','pusieron'),(388,78,3,'ponía','ponías','ponía','poníamos','poníais','ponían'),(389,78,4,'pondría','pondrías','pondría','pondríamos','pondríais','pondrían'),(390,78,5,'pondré','pondrás','pondrá','pondremos','pondréis','pondrán'),(391,79,1,'pregunto','preguntas','pregunta','preguntamos','preguntáis','preguntan'),(392,79,2,'pregunté','preguntaste','preguntó','preguntamos','preguntasteis','preguntaron'),(393,79,5,'preguntaré','preguntarás','preguntará','preguntaremos','preguntaréis','preguntarán'),(394,79,4,'preguntaría','preguntarías','preguntaría','preguntaríamos','preguntaríais','preguntarían'),(395,79,3,'preguntaba','preguntabas','preguntaba','preguntábamos','preguntabais','preguntaban'),(396,80,1,'presento','presentas','presenta','presentamos','presentáis','presentan'),(397,80,2,'presenté','presentaste','presentó','presentamos','presentasteis','presentaron'),(398,80,3,'presentaba','presentabas','presentaba','presentábamos','presentabais','presentaban'),(399,80,4,'presentaría','presentarías','presentaría','presentaríamos','presentaríais','presentarían'),(400,80,5,'presentaré','presentarás','presentará','presentaremos','presentaréis','presentarán'),(401,81,1,'produzco','produces','produce','producimos','producís','producen'),(402,81,2,'produje','produjiste','produjo','produjimos','produjisteis','produjeron'),(403,81,3,'producía','producías','producía','producíamos','producíais','producían'),(404,81,5,'produciré','producirás','producirá','produciremos','produciréis','producirán'),(405,81,4,'produciría','producirías','produciría','produciríamos','produciríais','producirían'),(406,82,1,'quedo','quedas','queda','quedamos','quedáis','quedan'),(407,82,3,'quedaba','quedabas','quedaba','quedábamos','quedabais','quedaban'),(408,82,2,'quedé','quedaste','quedó','quedamos','quedasteis','quedaron'),(409,82,5,'quedaré','quedarás','quedará','quedaremos','quedaréis','quedarán'),(410,82,4,'quedaría','quedarías','quedaría','quedaríamos','quedaríais','quedarían'),(411,83,1,'quiero','quieres','quiere','queremos','queréis','quieren'),(412,83,2,'quise','quisiste','quiso','quisimos','quisisteis','quisieron'),(413,83,4,'querría','querrías','querría','querríamos','querríais','querrían'),(414,83,3,'quería','querías','quería','queríamos','queríais','querían'),(415,83,5,'querré','querrás','querrá','querremos','querréis','querrán'),(416,84,1,'realizo','realizas','realiza','realizamos','realizáis','realizan'),(417,84,2,'realicé','realizaste','realizó','realizamos','realizasteis','realizaron'),(418,84,4,'realizaría','realizarías','realizaría','realizaríamos','realizaríais','realizarían'),(419,84,5,'realizaré','realizarás','realizará','realizaremos','realizaréis','realizarán'),(420,84,3,'realizaba','realizabas','realizaba','realizábamos','realizabais','realizaban'),(421,85,1,'recibo','recibes','recibe','recibimos','recibís','reciben'),(422,85,2,'recibí','recibiste','recibió','recibimos','recibisteis','recibieron'),(423,85,3,'recibía','recibías','recibía','recibíamos','recibíais','recibían'),(424,85,4,'recibiría','recibirías','recibiría','recibiríamos','recibiríais','recibirían'),(425,85,5,'recibiré','recibirás','recibirá','recibiremos','recibiréis','recibirán'),(426,86,1,'reconozco','reconoces','reconoce','reconocemos','reconocéis','reconocen'),(427,86,2,'reconocí','reconociste','reconoció','reconocimos','reconocisteis','reconocieron'),(428,86,3,'reconocía','reconocías','reconocía','reconocíamos','reconocíais','reconocían'),(429,86,5,'reconoceré','reconocerás','reconocerá','reconoceremos','reconoceréis','reconocerán'),(430,86,4,'reconocería','reconocerías','reconocería','reconoceríamos','reconoceríais','reconocerían'),(431,87,1,'recuerdo','recuerdas','recuerda','recordamos','recordáis','recuerdan'),(432,87,2,'recordé','recordaste','recordó','recordamos','recordasteis','recordaron'),(433,87,3,'recordaba','recordabas','recordaba','recordábamos','recordabais','recordaban'),(434,87,4,'recordaría','recordarías','recordaría','recordaríamos','recordaríais','recordarían'),(435,87,5,'recordaré','recordarás','recordará','recordaremos','recordaréis','recordarán'),(436,88,1,'resulto','resultas','resulta','resultamos','resultáis','resultan'),(437,88,2,'resulté','resultaste','resultó','resultamos','resultasteis','resultaron'),(438,88,4,'resultaría','resultarías','resultaría','resultaríamos','resultaríais','resultarían'),(439,88,3,'resultaba','resultabas','resultaba','resultábamos','resultabais','resultaban'),(440,88,5,'resultaré','resultarás','resultará','resultaremos','resultaréis','resultarán'),(441,89,1,'sé','sabes','sabe','sabemos','sabéis','saben'),(442,89,2,'supe','supise','supo','supimos','supisteis','supieron'),(443,89,3,'sabía','sabías','sabía','sabíamos','sabíais','sabían'),(444,89,5,'sabré','sabrás','sabrá','sabremos','sabréis','sabrán'),(445,89,4,'sabría','sabrías','sabría','sabríamos','sabríais','sabrían'),(446,90,1,'saco','sacas','saca','sacamos','sacáis','sacan'),(447,90,2,'saqué','sacaste','sacó','sacamos','sacasteis','sacaron'),(448,90,4,'sacaría','sacarías','sacaría','sacaríamos','sacaríais','sacarían'),(449,90,5,'sacaré','sacarás','sacará','sacaremos','sacaréis','sacarán'),(450,90,3,'sacaba','sacabas','sacaba','sacábamos','sacabais','sacaban'),(451,91,1,'salgo','sales','sale','salimos','salís','salen'),(452,91,3,'salía','salías','salía','salíamos','salíais','salían'),(453,91,2,'salí','saliste','salió','salimos','salisteis','salieron'),(454,91,5,'saldré','saldrás','saldrá','saldremos','saldréis','saldrán'),(455,91,4,'saldría','saldrías','saldría','saldríamos','saldríais','saldrían'),(456,92,1,'sigo','sigue','sigue','seguimos','seguís','siguen'),(457,92,2,'seguí','seguiste','siguió','seguimos','seguisteis','siguieron'),(458,92,5,'seguiré','seguirás','seguirá','seguiremos','seguiréis','seguirán'),(459,92,3,'seguía','seguías','seguía','seguíamos','seguíais','seguían'),(460,92,4,'seguiría','seguirías','seguiría','seguiríamos','seguiríais','seguirían'),(461,93,1,'siento','sientes','siente','sentimos','sentís','sienten'),(462,93,2,'sentí','sentiste','sintió','sentimos','sentisteis','sintieron'),(463,93,3,'sentía','sentías','sentía','sentíamos','sentíais','sentían'),(464,93,5,'sentiré','sentirás','sentirá','sentiremos','sentiréis','sentirán'),(465,93,4,'sentiría','sentirías','sentiría','sentiríamos','sentiríais','sentirían'),(466,94,1,'soy','eres','es','somos','sois','son'),(467,94,2,'fui','fuiste','fue','fuimos','fuisteis','fueron'),(468,94,4,'sería','serías','sería','seríamos','seríais','serían'),(469,94,3,'era','eras','era','éramos','erais','eran'),(470,94,5,'seré','serás','será','seremos','seréis','serán'),(471,95,1,'sirvo','sirves','sirve','servimos','servís','sirven'),(472,95,5,'serviré','servirás','servirá','serviremos','serviréis','servirán'),(473,95,2,'serví','serviste','sirvió','servimos','servisteis','sirvieron'),(474,95,4,'serviría','servirías','serviría','serviríamos','serviríais','servirían'),(475,95,3,'servía','servías','servía','servíamos','servíais','servían'),(476,96,1,'supongo','supones','supone','suponemos','suponéis','suponen'),(477,96,2,'supuse','supusiste','supuso','supusimos','supusiteis','supusieron'),(478,96,3,'suponía','suponías','suponía','suponíamos','suponíais','suponían'),(479,96,4,'supondría','supondrías','supondría','supondríamos','supondríais','supondrían'),(480,96,5,'supondré','supondrás','supondrá','supondremos','supondréis','supondrán'),(481,97,1,'tengo','tienes','tiene','tenemos','tenéis','tienen'),(482,97,2,'tuve','tuviste','tuvo','tuvimos','tuvisteis','tuvieron'),(483,97,3,'tenía','tenías','tenía','teníamos','teníais','tenían'),(484,97,5,'tendré','tendrás','tendrá','tendremos','tendréis','tendrán'),(485,97,4,'tendría','tendrías','tendría','tendríamos','tendríais','tendrían'),(486,98,1,'termino','terminas','termina','terninamos','termináis','terminan'),(487,98,2,'terminé','terminaste','terminó','terminamos','terminasteis','terminaron'),(488,98,4,'terminaría','terminarías','terminaría','terminaríamos','terminaríais','terminarían'),(489,98,3,'terminaba','terminabas','terminaba','terminábamos','terminabais','terminaban'),(490,98,5,'terminaré','terminarás','terminará','terminaremos','terminaréis','terminarán'),(491,99,1,'toco','tocas','toca','tocamos','tocáis','tocan'),(492,99,2,'toqué','tocaste','tocó','tocamos','tocasteis','tocaron'),(493,99,3,'tocaba','tocabas','tocaba','tocábamos','tocabais','tocaban'),(494,99,4,'tocaría','tocarías','tocaría','tocaríamos','tocaríais','tocarían'),(495,99,5,'tocaré','tocarás','tocará','tocaremos','tocaréis','tocarán'),(496,100,1,'tomo','tomas','toma','tomamos','tomáis','toman'),(497,100,2,'tomé','tomaste','tomó','tomamos','tomasteis','tomaron'),(498,100,5,'tomaré','tomarás','tomará','tomaremos','tomaréis','tomarán'),(499,100,3,'tomaba','tomabas','tomaba','tomábamos','tomabais','tomaban'),(500,100,4,'tomaría','tomarías','tomaría','tomaríamos','tomaríais','tomarían'),(501,101,1,'trabajo','trabajas','trabaja','trabajamos','trabajáis','trabajan'),(502,101,2,'trabajé','trabajaste','trabajó','trabajamos','trabajasteis','trabajaron'),(503,101,3,'trabajaba','trabajabas','trabajaba','trabajábamos','trabajabais','trabajaban'),(504,101,5,'trabajaré','trabajarás','trabajará','trabajaremos','trabajaréis','trabjarán'),(505,101,4,'trabajaría','trabajarías','trabajaría','trabajaríamos','trabajaríais','trabajarían'),(506,102,1,'traigo','traes','trae','traemos','traeís','traen'),(507,102,2,'traje','trajiste','trajo','trajimos','trajisteis','trajeron'),(508,102,5,'traeré','traerás','traerá','traeremos','traeréis','traerán'),(509,102,3,'traía','traías','traía','traíamos','traíais','traían'),(510,102,4,'traería','traerías','traería','traeríamos','traeríais','traerían'),(511,103,1,'trato','tratas','trata','tratamos','tratáis','tratan'),(512,103,2,'traté','trataste','trató','tratamos','tratasteis','trataron'),(513,103,5,'trataré','tratarás','tratará','trataremos','trataréis','tratarán'),(514,103,3,'trataba','tratabas','trataba','tratábamos','tratabais','trataban'),(515,103,4,'trataría','tratarías','trataría','trataríamos','trataríais','tratarían'),(516,104,1,'enseño','enseñas','enseña','enseñsamos','enseñáis','enseñan'),(517,104,2,'enseñé','enseñaste','enseñó','enseñamos','enseñasteis','enseñaron'),(518,104,3,'enseñaba','enseñabas','enseñaba','enseñábamos','enseñabais','enseñaban'),(519,104,4,'enseñaría','enseñarías','enseñaría','enseñaríamos','enseñaríais','enseñarían'),(520,104,5,'enseñaré','enseñarás','enseñará','enseñaremos','enseñaréis','enseñarán'),(521,105,1,'uso','usas','usa','usamos','usáis','usan'),(522,105,2,'usé','usaste','usó','usamos','usasteis','usaron'),(523,105,3,'usaba','usabas','usaba','usábamos','usabais','usaban'),(524,105,4,'usaría','usarías','usaría','usaríamos','usaríais','usarían'),(525,105,5,'usaré','usarás','usará','usaremos','usaréis','usarán'),(526,106,1,'aprendo','aprendes','aprende','aprendemos','aprendéis','aprenden'),(527,106,2,'aprendí','aprendiste','aprendió','aprendimos','aprendisteis','aprendieron'),(528,106,5,'aprenderé','aprenderás','aprenderá','aprenderemos','aprenderéis','aprenderán'),(529,106,4,'aprendería','aprenderías','aprendería','aprenderíamos','aprenderíais','aprenderían'),(530,106,3,'aprendía','aprendías','aprendía','aprendíamos','aprendíais','aprendían'),(531,107,1,'amo','amas','ama','amamos','amáis','aman'),(532,107,4,'amaría','amarías','amaría','amaríamos','amaríais','amarían'),(533,107,3,'amaba','amabas','amaba','amábamos','amabais','amaban'),(534,107,5,'amaré','amarás','amará','amaremos','amaréis','amarán'),(535,107,2,'amé','amaste','amó','amamos','amasteis','amaron'),(536,108,2,'paré','paraste','paró','paramos','parasteis','pararon'),(537,108,5,'pararé','pararás','parará','pararemos','pararéis','pararán'),(538,108,4,'pararía','pararías','pararía','pararíamos','pararíais','pararían'),(539,108,1,'paro','paras','para','paramos','paráis','paran'),(540,108,3,'paraba','parabas','paraba','parábamos','parabais','paraban'),(541,109,3,'limpiaba','limpiabas','limpiaba','limpiábamos','limpibais','limpiaban'),(542,109,2,'limpié','limpiaste','limpió','limpiamos','limpiasteis','limpiaron'),(543,109,4,'limpiaría','limpiarías','limpiaría','limpiaríamos','limpiaríais','limpiarían'),(544,109,5,'limpiaré','limpiarás','limpiará','limpiaremos','limpiaréis','limpiarán'),(545,109,1,'limpio','limpias','limpia','limpiamos','limpiáis','limpian'),(546,110,1,'lloro','lloras','llora','lloramos','lloráis','lloran'),(547,110,3,'lloraba','llorabas','lloraba','llorábamos','llorabais','lloraban'),(548,110,2,'lloré','lloraste','lloró','lloramos','llorasteis','lloraron'),(549,110,4,'lloraría','llorarías','lloraría','lloraríamos','lloraríais','llorarían'),(550,110,5,'lloraré','llorarás','llorará','lloraremos','lloraréis','llorarán'),(551,111,1,'nado','nadas','nada','nadamos','nadáis','nadan'),(552,111,5,'nadaré','nadarás','nadará','nadaremos','nadaréis','nadarán'),(553,111,2,'nadé','nadaste','nadó','nadamos','nadasteis','nadaron'),(554,111,3,'nadaba','nadabas','nadaba','nadábamos','nadabais','nadaban'),(555,111,4,'nadaría','nadarías','nadaría','nadaríamos','nadaríais','nadarían'),(556,112,1,'gasto','gastas','gasta','gastamos','gastáis','gastan'),(557,112,2,'gasté','gastaste','gastó','gastamos','gastasteis','gastaron'),(558,112,3,'gastaba','gastabas','gastaba','gastábamos','gastabais','gastaban'),(559,112,5,'gastaré','gastarás','gastará','gastaremos','gastaréis','gastarán'),(560,112,4,'gastaría','gastarías','gastaría','gastaríamos','gastaríais','gastarían'),(561,113,2,'mandé','mandaste','mandó','mandamos','mandasteis','mandaron'),(562,113,4,'mandaría','mandarías','mandaría','mandaríamos','mandaríais','mandarían'),(563,113,1,'mando','mandas','manda','mandamos','mandáis','mandan'),(564,113,3,'mandaba','mandabas','mandaba','mandábamos','mandabais','mandaban'),(565,113,5,'mandaré','madarás','mandará','mandaremos','mandaréis','madarán'),(566,114,2,'lavé','lavaste','lavó','lavamos','lavasteis','lavaron'),(567,114,5,'lavaré','lavarás','lavará','lavaremos','lavaréis','lavarán'),(568,114,3,'lavaba','lavabas','lavaba','lavábamos','lavabais','lavaban'),(569,114,4,'lavaría','lavarías','lavaría','lavaríamos','lavaríais','lavarían'),(570,114,1,'lavo','lavas','lava','lavamos','laváis','lava');
/*!40000 ALTER TABLE `Conjugations` ENABLE KEYS */;
UNLOCK TABLES;

--
-- Table structure for table `Tenses`
--

DROP TABLE IF EXISTS `Tenses`;
/*!40101 SET @saved_cs_client     = @@character_set_client */;
/*!40101 SET character_set_client = utf8 */;
CREATE TABLE `Tenses` (
  `id` tinyint(4) DEFAULT NULL,
  `tense` varchar(11) DEFAULT NULL
) ENGINE=InnoDB DEFAULT CHARSET=utf8mb4;
/*!40101 SET character_set_client = @saved_cs_client */;

--
-- Dumping data for table `Tenses`
--

LOCK TABLES `Tenses` WRITE;
/*!40000 ALTER TABLE `Tenses` DISABLE KEYS */;
INSERT INTO `Tenses` VALUES (1,'present'),(2,'preterite'),(3,'imperfect'),(4,'conditional'),(5,'future');
/*!40000 ALTER TABLE `Tenses` ENABLE KEYS */;
UNLOCK TABLES;

--
-- Table structure for table `Verbs`
--

DROP TABLE IF EXISTS `Verbs`;
/*!40101 SET @saved_cs_client     = @@character_set_client */;
/*!40101 SET character_set_client = utf8 */;
CREATE TABLE `Verbs` (
  `id` smallint(6) DEFAULT NULL,
  `infinitive` varchar(10) DEFAULT NULL,
  `translation` varchar(22) DEFAULT NULL,
  `pronunciation` varchar(17) DEFAULT NULL
) ENGINE=InnoDB DEFAULT CHARSET=utf8mb4;
/*!40101 SET character_set_client = @saved_cs_client */;

--
-- Dumping data for table `Verbs`
--

LOCK TABLES `Verbs` WRITE;
/*!40000 ALTER TABLE `Verbs` DISABLE KEYS */;
INSERT INTO `Verbs` VALUES (1,'abrir','to open','ah-breer'),(2,'acabar','to finish, end','ah-kah-bahr'),(3,'aceptar','to accept, approve','ah-sehp-tahr'),(4,'alcanzar','to reach','ahl-kahn-sahr'),(5,'aparecer','to appear','to appear'),(6,'ayudar','to help','ah-yoo-dahr'),(7,'beber','to drink','beh-behr'),(8,'buscar','to look for','boos-kahrr'),(9,'caer','to fall','kah-ehr'),(10,'cambiar','to change','kahm-byahr'),(11,'caminar','to walk','kah-mee-nahr'),(12,'comenzar','to begin, to start','koh-mehn-sahr'),(13,'comer','to eat','koh-mehr'),(14,'comprender','to understand','kohm-prehn-dehr'),(15,'conocer','to know, to meet','koh-noh-sehr'),(16,'conseguir','to get','kohn-seh-geer'),(17,'considerar','to consider','kohn-see-deh-rahr'),(18,'contar','to count, to tell','kohn-tahr'),(19,'convertir','to turn into','kohm-behr-teer'),(20,'correr','to run','koh-rrehr'),(21,'crear','to create','kreh-ahr'),(22,'creer','to believe','kreh-ehr'),(23,'cumplir','to achieve','koom-pleer'),(24,'dar','to give','dahr'),(25,'dejar','to leave','deh-hahr'),(26,'descubrir','to discover','dehs-koo-breer'),(27,'decir','to say, to tell','deh-seer'),(28,'dirigir','to manage, to run','dee-ree-heer'),(29,'dormir','to sleep','dohr-meer'),(30,'empezar','to begin, to start','ehm-peh-sehr'),(31,'encontrar','to find','ehn-kohn-trahr'),(32,'entender','to understand','ehn-tehn-dehr'),(33,'entrar','to enter','ehn-trahr'),(34,'escribir','to write','ehs-kree-beer'),(35,'utilizar','to use, to utilize','oo-tee-lee-sahr'),(36,'venir','to come','beh-neer'),(37,'ver','to see, to watch','behr'),(38,'vivir','to live','bee-behr'),(39,'volver','to return','bohl-behr'),(40,'escuchar','to listen, to hear','ehs-koo-chahr'),(41,'esperar','to wait for, to hope','ehs-peh-rahr'),(42,'estar','to be','ehs-tahr'),(43,'estudiar','to study','ehs-too-dyahr'),(44,'existir','to exist','ehk-sees-teer'),(45,'explicar','to explain','ehks-plee-kahr'),(46,'formar','to form','fohr-mahr'),(47,'ganar','to win, to earn','gah-nahr'),(48,'gustar','to like, to taste','goos-tahr'),(49,'haber','to have','ah-behr'),(50,'hablar','to speak, to talk','ah-blahr'),(51,'hacer','to do, to make','ah-sehr'),(52,'intentar','to try','een-tehn-tahr'),(53,'ir','to go','eer'),(54,'jugar','to play, to bet',''),(55,'leer','to read','leh-ehr'),(56,'levantar','to raise, to lift','leh-bahn-tahr'),(57,'llamar','to call','yah-mahr'),(58,'llegar','to arrive, to come','yeh-gahr'),(59,'llevar','to come, to wear','yeh-gahr'),(60,'lograr','to be able to','loh-grahr'),(61,'manteer','to hold','mahn-teh-nehr'),(62,'mirar','to look at','mee-rahr'),(63,'morir','to die','moh-reer'),(64,'nacer','to be born','nah-sehr'),(65,'necesitar','to need','neh-seh-see-tahr'),(66,'occurir','to happen','oh-koo-rreer'),(67,'ofrecer','to offer','oh-freh-sehr'),(68,'oír','to hear','oh-eer'),(69,'pagar','to pay','pah-gahr'),(70,'paracer','to seem','pah-reh-sehr'),(71,'partir','to cut, to split','pahr-teer'),(72,'pasar','to pass, to happen','pah-sahr'),(73,'pedir','to ask for, to order','peh-deer'),(74,'pensar','to think','pehn-sahr'),(75,'perder','to lose','pehr-dehr'),(76,'permitir','to allow','pehr-mee-teer'),(77,'poder','to be able to','poh-dehr'),(78,'poner','to put','poh-nehr'),(79,'preguntar','to ask','preh-goon-tahr'),(80,'presentar','to introduce','preh-sehn-tahr'),(81,'producir','to produce','proh-doo-seer'),(82,'quedar','to be left, to stay','keh-dahr'),(83,'querer','to want, to love','keh-rehr'),(84,'realizar','to carry out','rreh-ah-lee-sahr'),(85,'recibir','to receive, to welcome','rreh-see-beer'),(86,'reconocer','to recognize','rreh-koh-noh-sehr'),(87,'recordar','to remember','rreh-kohr-dahr'),(88,'resultar','to turn out, to work','rreh-sool-tahr'),(89,'saber','to know, to taste','sah-behr'),(90,'sacar','to take out, to remove','sah-kahr'),(91,'salir','to go out, to leave','sah-leer'),(92,'sequir','to follow','seh-geer'),(93,'sentir','to feel','sehn-teer'),(94,'ser','to be','sehr'),(95,'servir','to serve','sehr-beer'),(96,'suponer','to suppose','soo-poh-nehr'),(97,'tener','to have','to have, to be'),(98,'terminar','to end, to finish','tehr-mee-nahr'),(99,'tocar','to touch','toh-kahr'),(100,'tomar','to take, to drink','toh-mahr'),(101,'trabajar','to work','trah-bah-hahr'),(102,'traer','to bring','trah-ehr'),(103,'tratar','to treat','trah-tahr'),(104,'enseñar','to teach','ehn-seh-nyahr'),(105,'usar','to use','oo-sahr'),(106,'aprender','to learn','ah-prehn-dehr'),(107,'amar','to love','ah - mahr'),(108,'parar','to stop','pah - rahr'),(109,'limpiar','to clean','leem - pyahr'),(110,'llorar','to cry','yoh -rahr'),(111,'nadar','to swim','nah - dahr'),(112,'gastar','to spend','gah - tahr'),(113,'mandar','to order','mahn - dahr'),(114,'lavar','to wash','lah - bahr');
/*!40000 ALTER TABLE `Verbs` ENABLE KEYS */;
UNLOCK TABLES;

--
-- Table structure for table `Words`
--

DROP TABLE IF EXISTS `Words`;
/*!40101 SET @saved_cs_client     = @@character_set_client */;
/*!40101 SET character_set_client = utf8 */;
CREATE TABLE `Words` (
  `id` smallint(6) DEFAULT NULL,
  `word` varchar(29) DEFAULT NULL,
  `translation` varchar(22) DEFAULT NULL,
  `pronunciation` varchar(39) DEFAULT NULL,
  `category` smallint(6) DEFAULT NULL,
  `gender` varchar(3) DEFAULT NULL,
  `image` varchar(32) DEFAULT NULL
) ENGINE=InnoDB DEFAULT CHARSET=utf8mb4;
/*!40101 SET character_set_client = @saved_cs_client */;

--
-- Dumping data for table `Words`
--

LOCK TABLES `Words` WRITE;
/*!40000 ALTER TABLE `Words` DISABLE KEYS */;
INSERT INTO `Words` VALUES (1,'uno','one','oo-noh',3,'m','assets/images/1.png'),(2,'dos','two','dose',3,'m','assets/images/2.png'),(3,'tres','three','trace',3,'m','assets/images/3.png'),(4,'cuatro','four','kwah-tro',3,'m','assets/images/4.png'),(5,'cinco','five','sink-oh',3,'m','assets/images/5.png'),(6,'seis','six','saze',3,'m','assets/images/6.png'),(7,'siete','seven','see-yeh-teh',3,'m','assets/images/7.png'),(8,'ocho','eight','oh-choh',3,'m','assets/images/8.png'),(9,'nueve','nine','new-eh-veh',3,'m','assets/images/9.png'),(10,'diez','ten','dee-ace',3,'m','assets/images/10.png'),(11,'once','eleven','ohn-say',3,'m','assets/images/11.png'),(12,'doce','twelve','doh-say',3,'m','assets/images/12.png'),(13,'trece','thirteen','treh-seh',3,'m','assets/images/13.png'),(14,'catorce','fourteen','cah-TOR-seh',3,'m','assets/images/14.png'),(15,'quince','fifteen','KEEN-seh',3,'m','assets/images/15.png'),(16,'dieciséis','sixteen','dee-AY-see-saze',3,'m','assets/images/16.png'),(17,'diecisiete','seventeen','dee-AY-see-AY-teh',3,'m','assets/images/17.png'),(18,'dieciocho','eighteen','dee-AY-see-oh-choh',3,'m','assets/images/18.png'),(19,'diecinueve','19','dee-AY-see-new-EH-veh',3,'m','assets/images/orange-color.png'),(20,'veinte','twenty','veh-een-teh',3,'m','assets/images/20.png'),(21,'treinta','thirty','treh-een-tah',3,'m','assets/images/30.png'),(22,'cuarenta','forty','kwar-EN-tah',3,'m','assets/images/40.png'),(23,'cincuenta','fifty','sehn-kwen-tah',3,'m','assets/images/50.png'),(25,'sesenta','sixty','seh-SEHN-tah',3,'m','assets/images/60.png'),(26,'setenta','seventy','seh-TEHN-tah',3,'m','assets/images/70.png'),(27,'ochenta','eighty','oh-chehn-tah',3,'m','assets/images/80.png'),(28,'noventa','ninety','noh-VEHN-tah',3,'m','assets/images/90.png'),(29,'cien','one hundred','see-EHN',3,'m','assets/images/100.png'),(30,'mil','one thousand','meel',3,'m','assets/images/1000.png'),(31,'millón','one million','mihl-yuhn',3,'m','assets/images/1000000.png'),(33,'tarde','afternoon','tahr-deh',21,'f','assets/images/afternoon.png'),(34,'tobillo','ankle','toh-bee-yoh',12,'m','assets/images/ankle.png'),(35,'manzana','apple','mahn-sah-nah',10,'f','assets/images/apple.png'),(36,'abril','April','ah-breel',1,'m','assets/images/april.png'),(37,'brazo','arm','brrah-soh',12,'m','assets/images/arm.png'),(38,'deportista','athlete','deh-pohr-tees-tah',22,'m/f','assets/images/athlete.png'),(39,'ático','attic','ah-tee-koh',8,'m','assets/images/attic.png'),(40,'agosto','August','ah-gohs-toh',1,'m','assets/images/august.png'),(41,'tía','aunt','tee-ah',6,'f','assets/images/aunt.png'),(43,'aguacate','avocado','ah-gwah-kah-teh',10,'m','assets/images/avocado.png'),(44,'bebé','baby','beh-beh',7,'m/f','assets/images/baby.png'),(45,'espalda','back','ehs-pahl-dah',12,'f','assets/images/back.png'),(46,'tocino','bacon','toh-see-noh',10,'m','assets/images/bacon.png'),(48,'plátano','banana','plah-tah-noh',10,'m','assets/images/banana.png'),(49,'sótano','basement','soh-tah-noh',8,'m','assets/images/basement.png'),(50,'traje de baño','bathing suit','trah-heh deh bah-nyoh',11,'m','assets/images/bathing-suit.png'),(51,'baño','bathroom','bah-nyoh',8,'m','assets/images/bathroom.png'),(52,'lavabo','bathroom sink','lah-bah-boh',8,'m','assets/images/bathroom-sink.png'),(53,'bañera','bathtub','bah-nyeh-rah',8,'f','assets/images/bathtub.png'),(54,'playa','beach','plah-yah',16,'f','assets/images/beach.png'),(55,'frijol','bean','free-hohl',10,'m','assets/images/beans.png'),(57,'barba','beard','bahr-bah',12,'f','assets/images/beard.png'),(58,'cama','bed','kah-mah',8,'f','assets/images/bed.png'),(59,'recámara','bedroom','rreh-kah-mah-rah',8,'f','assets/images/bedroom.png'),(60,'cuarto','bedroom','kwahr-toh',8,'m','assets/images/bedroom.png'),(61,'habitación','bedroom','ah-bee-tah-syohn',8,'f','assets/images/bedroom.png'),(62,'dormitorio','bedroom','dohr-mee-toh-ryoh',8,'m','assets/images/bedroom.png'),(63,'alcoba','bedroom','ahl-koh-bah',8,'f','assets/images/bedroom.png'),(64,'carne de vaca','beef','kahr-neh deh bah-kah',10,'f','assets/images/beef.png'),(65,'carne de res','beef','kahr-neh deh rrehs',10,'f','assets/images/beef.png'),(66,'cerveza','beer','sehr-beh-sah',10,'f','assets/images/beer.png'),(67,'remolacha','beets','rreh-moh-lah-chah',10,'f','assets/images/beets.png'),(68,'betabel','beet','beh-tah-behl',10,'m','assets/images/beets.png'),(69,'cinturón','belt','seen-too-rohn',11,'m','assets/images/belt.png'),(70,'bici','bike','bee-see',14,'f','assets/images/bike.png'),(71,'pájaro','bird','pah-hah-roh',15,'m','assets/images/bird.png'),(72,'negro','black','neh-groh',2,'','assets/images/black.png'),(73,'blusa','blouse','bloo-sah',11,'f','assets/images/blouse.png'),(74,'azul','blue','ah-sool',2,'','assets/images/blue.png'),(75,'barco','boat','bahr-koh',14,'m','assets/images/boat.png'),(76,'cuerpo','body','kwehr-poh',12,'m','assets/images/body.png'),(77,'hueso','bone','weh-soh',12,'m','assets/images/bone.png'),(78,'libro','book','lee-broh',8,'m','assets/images/books.png'),(79,'bota','boot','boh-tah',11,'f','assets/images/boots.png'),(81,'bol','bowl','bohl',8,'m','assets/images/bowl.png'),(82,'tazón','bowl','tah-sohn',8,'m','assets/images/bowl.png'),(84,'niño','boy','nee-nyoh',7,'m','assets/images/boy.png'),(85,'novio','boyfriend','noh-byoh',6,'m','assets/images/boyfriend.png'),(86,'cerebro','brain','seh-reh-broh',12,'m','assets/images/brain.png'),(87,'pan','bread','pahn',10,'m','assets/images/bread.png'),(88,'desayuno','breakfast','dehs-ah-yoo-noh',10,'m','assets/images/breakfast.png'),(89,'seno','breast','seh-noh',12,'m','assets/images/breast.png'),(90,'brócoli','broccoli','broh-koh-lee',10,'m','assets/images/broccoli.png'),(91,'brécol','broccoli','breh-kohl',10,'m','assets/images/broccoli.png'),(92,'hermano','brother','ehr-mah-noh',6,'m','assets/images/brother.png'),(93,'pardo','taupe','pahr-doh',2,'m','assets/images/taupe.png'),(94,'cepillo','brush','seh-pee-yoh',8,'m','assets/images/brush.png'),(95,'edificio','building','eh-dee-fee-syoh',19,'m','assets/images/buildings.png'),(96,'toro','bull','toh-roh',15,'m','assets/images/bull.png'),(97,'autobús','bus','ow-toh-boos',14,'m','assets/images/bus.png'),(98,'arbusto','bush','ahr-boos-toh',16,'m','assets/images/bush.png'),(99,'mata','bush/shrub','mah-tah',16,'f','assets/images/bush.png'),(100,'mantequilla','butter','mahn-teh-kee-yah',10,'f','assets/images/butter.png'),(101,'repollo','cabbage','rreh-poh-yoh',10,'m','assets/images/cabbage.png'),(102,'col','cabbage','kohl',10,'f','assets/images/cabbage.png'),(103,'pastel','cake','pah-tehl',10,'m','assets/images/cake.png'),(104,'bizcocho','cake','bees-koh-choh',10,'m','assets/images/cake.png'),(105,'queque','cake','keh-keh',10,'m','assets/images/cake.png'),(106,'campamento','camp','kahm-pah-mehn-toh',19,'m','assets/images/camp.png'),(107,'candela','candle','kahn-deh-lah',8,'f','assets/images/candle.png'),(108,'vela','candle','beh-lah',8,'f','assets/images/candle.png'),(109,'cirio','candle','see-reeoh',8,'m','assets/images/candle.png'),(110,'dulce','candy','dool-seh',10,'m','assets/images/candy.png'),(111,'caramelo','candy','kah-rah-meh-loh',10,'m','assets/images/candy.png'),(112,'golosina','candy','goh-loh-see-nah',10,'f','assets/images/candy.png'),(113,'chuchería','candy','choo-cheh-ree-ah',10,'f','assets/images/candy.png'),(114,'gorra','cap','goh-rrah',11,'f','assets/images/cap.png'),(115,'coche','car','koh-cheh',14,'m','assets/images/car.png'),(116,'carro','car','kah-rroh',14,'m','assets/images/car.png'),(117,'auto','car','ow-toh',14,'m','assets/images/car.png'),(118,'automóvil','car','ow-toh-moh-beel',14,'m','assets/images/car.png'),(119,'tarjeta','card','tahr-heh-tah',8,'f','assets/images/card.png'),(121,'zanahoria','carrot','sah-nah-oh-ryah',10,'f','assets/images/carrot.png'),(124,'coliflor','cauliflower','koh-lee-flohr',10,'m','assets/images/cauliflower.png'),(125,'techo','ceiling/roof','teh-choh',8,'m','assets/images/ceiling.jpg'),(126,'apio','celery','ah-pyoh',10,'m','assets/images/celery.png'),(127,'cereal','cereal','seh-reh-ahl',10,'m','assets/images/cereal.png'),(128,'silla','chair','see-yah',8,'f','assets/images/chair.png'),(129,'mejilla','cheek','meh-hee-yah',12,'f','assets/images/cheek.png'),(130,'cachete','cheek','kah-cheh-teh',12,'m','assets/images/cheek.png'),(131,'carrillo','cheek','kah-rree-yoh',12,'m','assets/images/cheek.png'),(132,'queso','cheese','keh-soh',10,'m','assets/images/cheese.png'),(133,'chef','chef','chehf',22,'m/f','assets/images/chef.png'),(134,'cereza','cherry','seh-reh-sah',10,'f','assets/images/cherries.png'),(135,'guinda','cherry','geen-dah',10,'f','assets/images/cherries.png'),(136,'pecho','chest','peh-choh',12,'m','assets/images/chest.png'),(137,'pollo','chicken','poh-yoh',15,'m','assets/images/chicken.png'),(138,'iglesia','church','ee-gleh-syah',19,'f','assets/images/church.png'),(139,'círculo','circle','seer-koo-loh',23,'m','assets/images/circle.png'),(140,'reloj','clock/watch','rreh-lohh',8,'m','assets/images/clock.png'),(141,'armario','closet','ahr-mah-ryoh',8,'m','assets/images/closet1.png'),(142,'clóset','closet','kloh-seht',8,'m','assets/images/closet1.png'),(143,'ropa','clothing','rroh-pah',11,'f','assets/images/clothes.png'),(144,'vestimenta','clothes','behs-tee-mehn-tah',11,'f','assets/images/clothes.png'),(145,'nube','cloud','noo-beh',16,'f','assets/images/cloud.png'),(146,'abrigo','coat','ah-bree-goh',11,'m','assets/images/coat.png'),(147,'coco','coconut','koh-koh',10,'m','assets/images/coconut.png'),(148,'café','coffee','kah-feh',10,'m','assets/images/coffee.png'),(149,'moneda','coin','moh-neh-dah',20,'f','assets/images/coins.png'),(150,'color','color','koh-lohr',2,'m','assets/images/rainbow.png'),(151,'computadora','computer','kohm-poo-tah-doh-rah',8,'f','assets/images/computer.png'),(152,'ordenador','computer','ohr-deh-nah-dohr',8,'m','assets/images/computer.png'),(153,'galleta','cookie','gah-yeh-tah',10,'f','assets/images/cookie.png'),(154,'maíz','corn','mah-ees',10,'m','assets/images/corn.png'),(156,'vaca','cow','bah-kah',15,'f','assets/images/cow.png'),(157,'cangrejo','crab','kahng-greh-hoh',15,'m','assets/images/crab.png'),(158,'tarjeta de crédito','credit card','tahr-heh-tah deh kreh-dee-toh',20,'f','assets/images/credit-card.png'),(159,'pepino','cucumber','peh-pee-noh',10,'m','assets/images/cucumber.png'),(160,'taza','cup','tah-sah',8,'f','assets/images/cup.png'),(161,'hija','daughter','ee-hah',6,'f','assets/images/daughter.png'),(162,'día','day','dee-ah',21,'m','assets/images/day.png'),(163,'diciembre','December','dee-syehm-breh',1,'m','assets/images/december.png'),(164,'escritorio','desk','ehs-kree-toh-ryoh',8,'m','assets/images/desk.png'),(165,'cena','dinner','seh-nah',10,'f','assets/images/dinner.png'),(169,'vestido','dress','behs-tee-doh',11,'m','assets/images/dress.png'),(170,'tocador','dresser','toh-kah-dor',8,'m','assets/images/dresser.png'),(171,'cómoda','dresser','koh-moh-dah',8,'f','assets/images/dresser.png'),(172,'secadora','dryer','seh-kah-doh-rah',8,'f','assets/images/dryer.png'),(173,'pato','duck','pah-toh',15,'m','assets/images/duck.png'),(174,'oreja','ear','oh-reh-hah',12,'f','assets/images/ear.png'),(175,'arete','earring','ah-reh-teh',11,'m','assets/images/earrings.png'),(176,'berenjena','eggplant','beh-rehng-heh-nah',10,'f','assets/images/eggplant.png'),(177,'huevo','egg','weh-boh',10,'m','assets/images/eggs.png'),(178,'codo','elbow','koh-doh',12,'m','assets/images/elbow.png'),(180,'ojo','eye','oh-hoh',12,'m','assets/images/eye.png'),(181,'ceja','eyebrow','seh-hah',12,'f','assets/images/eyebrow.png'),(182,'cara','face','kah-rah',12,'f','assets/images/face.png'),(183,'rostro','face','rrohs-troh',12,'m','assets/images/face.png'),(184,'otoño','fall','oh-toh-nyoh',1,'m','assets/images/fall.png'),(185,'familia','family','fah-mee-lyah',6,'f','assets/images/family.png'),(187,'padre','father','pah-dreh',6,'m','assets/images/family.png'),(188,'febrero','February','feh-breh-roh',1,'m','assets/images/february.png'),(189,'valla','fence','bah-yah',8,'f','assets/images/fence.png'),(190,'alambrada','fence (wire)','ah-lahm-brah-dah',8,'f','assets/images/blank.png'),(191,'dedo','finger','deh-doh',12,'m','assets/images/finger.png'),(192,'uña','fingernail','oo-nyah',12,'f','assets/images/fingernail.png'),(193,'fuego','fire','fweh-goh',16,'m','assets/images/fire.png'),(194,'pez','fish','pehs',15,'m','assets/images/fish.png'),(195,'pescado','fish','pehs-kah-doh',10,'m','assets/images/fish.png'),(196,'puño','fist','poo-nyoh',12,'m','assets/images/fist.png'),(197,'bandera','flag','bahn-deh-rah',8,'f','assets/images/flag.png'),(198,'linterna','flashlight','leen-tehr-nah',8,'f','assets/images/flashlight.png'),(199,'piso','floor','pee-soh',8,'m','assets/images/floor.png'),(200,'suelo','floor','sweh-loh',8,'m','assets/images/floor.png'),(201,'flor','flower','flohr',16,'f','assets/images/flower.png'),(202,'comida','food','koh-mee-dah',10,'f','assets/images/food.png'),(203,'alimento','food','ah-lee-mehn-toh',10,'m','assets/images/food.png'),(204,'pie','foot','pyeh',12,'m','assets/images/foot.png'),(205,'frente','forehead','frehn-teh',12,'f','assets/images/forehead.jpg'),(206,'bosque','forest','bohs-keh',16,'m','assets/images/forest.png'),(207,'tenedor','fork','teh-neh-dohr',8,'m','assets/images/fork.png'),(208,'viernes','Friday','byehr-nehs',1,'m','assets/images/friday.png'),(209,'nevera','fridge','neh-beh-rah',8,'f','assets/images/fridge.png'),(210,'refrigerador','fridge','rreh-free-heh-rah-dohr',8,'m','assets/images/fridge.png'),(211,'frigorífico','fridge','free-goh-ree-fee-koh',8,'m','assets/images/fridge.png'),(212,'amigo','friend (male)','ah-mee-goh',6,'m','assets/images/friends-male.png'),(213,'amiga','friend (female)','ah-mee-gah',6,'f','assets/images/friends-female.png'),(214,'rana','frog','rah-nah',15,'f','assets/images/frog.png'),(215,'fruta','fruit','froo-tah',10,'f','assets/images/fruit.png'),(216,'garaje','garage','gah-rah-heh',8,'m','assets/images/garage.png'),(217,'cochera','garage','koh-cheh-rah',8,'f','assets/images/garage.png'),(218,'ajo','garlic','ah-hoh',10,'m','assets/images/garlic.png'),(219,'niña','girl','nee-nyah',7,'f','assets/images/girl.png'),(220,'vaso','glass','bah-soh',8,'m','assets/images/glass.png'),(221,'gafas','glasses','gah-fahs',11,'f','assets/images/glasses.png'),(222,'guante','glove','gwahn-teh',11,'m','assets/images/gloves.png'),(223,'oro','gold','koh-lohr oh-roh',16,'m','assets/images/gold-nuggets.png'),(224,'color oro','gold','koh-lohr oh-roh',2,'m','assets/images/gold.png'),(225,'abuelo','grandfather','ah-bweh-loh',6,'m','assets/images/grandfather.png'),(226,'abuela','grandmother','ah-bweh-lah',6,'f','assets/images/grandmother.png'),(227,'abuelos','grandparents','ah-bweh-lohs',6,'m','assets/images/grandparents.png'),(228,'uva','grape','oo-bah',10,'f','assets/images/grapes.png'),(229,'césped','grass','sehs-pehd',16,'m','assets/images/grass.png'),(230,'césped','lawn','sehs-pehd',8,'m','assets/images/lawn.png'),(231,'verde','green','behr-deh',2,'','assets/images/green.png'),(232,'frijol verde','green bean','free-hohl behr-deh',10,'m','assets/images/green-beans.png'),(233,'judía verde','green bean','hoo-dee-ah behr-deh',10,'f','assets/images/green-beans.png'),(234,'ejote','green bean','eh-hoh-teh',10,'m','assets/images/green-beans.png'),(235,'pelo','hair','peh-loh',12,'m','assets/images/hair1.png'),(236,'cabello','hair','kah-beh-yoh',12,'m','assets/images/hair1.png'),(237,'jamón','ham','hah-mohn',10,'m','assets/images/ham.png'),(238,'hamburguesa','hamburger','ahm-boor-geh-sah',10,'f','assets/images/hamburger.png'),(239,'mano','hand','mah-noh',12,'m','assets/images/hand.png'),(240,'sombrero','hat','sohm-breh-roh',11,'m','assets/images/hat.png'),(241,'cabeza','head','kah-beh-sah',12,'f','assets/images/head.png'),(242,'corazón','heart','koh-rah-sohn',12,'m','assets/images/heart.png'),(243,'colina','hill','koh-lee-nah',16,'f','assets/images/hill.png'),(244,'miel','honey','myehl',10,'m','assets/images/honey.png'),(245,'caballo','horse','kah-bah-yoh',15,'m','assets/images/horse.png'),(246,'reloj de arena','hourglass','rreh-lohh deh ah-reh-nah',8,'m','assets/images/hourglass.png'),(247,'casa','house','kah-sah',8,'f','assets/images/house.png'),(248,'hogar','household/home','oh-gahr',6,'m','assets/images/household.png'),(249,'marido','husband','mah-ree-doh',6,'m','assets/images/husband1.png'),(250,'esposo','husband','ehs-poh-soh',6,'m','assets/images/husband1.png'),(251,'hielo','ice','yeh-loh',10,'m','assets/images/ice.png'),(252,'helado','ice cream','eh-lah-doh',10,'m','assets/images/ice-cream.png'),(253,'plancha','iron','plahn-chah',8,'f','assets/images/iron.png'),(254,'isla','island','ees-lah',16,'f','assets/images/island.png'),(255,'chaqueta','jacket','chah-keh-tah',11,'f','assets/images/jacket.png'),(256,'enero','January','eh-neh-roh',1,'m','assets/images/january.png'),(257,'jugo','juice','hoo-goh',10,'m','assets/images/juice.png'),(258,'zumo','juice','soo-moh',10,'m','assets/images/juice.png'),(259,'julio','July','hoo-lyoh',1,'m','assets/images/july.png'),(260,'junio','June','hoo-nyoh',1,'m','assets/images/june.png'),(262,'riñón','kidney','rree-nyohn',12,'m','assets/images/kidney.png'),(263,'rey','king','rrey',22,'m','assets/images/king.png'),(264,'cocina','kitchen','koh-see-nah',8,'f','assets/images/kitchen.png'),(265,'fregadero','kitchen sink','freh-gah-deh-roh',8,'m','assets/images/kitchen-sink.png'),(266,'rodill','knee','rroh-dee-yah',12,'f','assets/images/knee.png'),(267,'cuchillo','knife','koo-chee-yoh',8,'m','assets/images/knife.png'),(268,'lago','lake','lah-goh',16,'m','assets/images/lake.png'),(269,'lámpara','lamp','lahm-pah-rah',8,'f','assets/images/lamp.png'),(270,'farol','lantern','fah-rohl',8,'m','assets/images/lantern.png'),(271,'ley','law','ley',22,'f','assets/images/law.png'),(272,'hoja','leaf','oh-hah',16,'f','assets/images/leaf.png'),(273,'pierna','leg','pyehr-nah',12,'f','assets/images/leg.png'),(274,'limón','lemon','lee-mohn',10,'m','assets/images/lemon.png'),(275,'carta','letter','kahr-tah',8,'f','assets/images/letter.png'),(276,'lechuga','lettuce','leh-choo-gah',10,'f','assets/images/lettuce.png'),(277,'biblioteca','library','bee-blyoh-teh-kah',19,'f','assets/images/library.png'),(278,'bombilla','bulb','bohm-bee-yah',8,'f','assets/images/light-bulb.png'),(279,'relámpago','lightning','rreh-lahm-pah-goh',4,'m','assets/images/lightning.png'),(280,'lima','lime','lee-mah',10,'f','assets/images/lime.png'),(281,'león','lion','leh-ohn',15,'m','assets/images/lion.png'),(282,'labio','lips','lah-byoh',12,'m','assets/images/lips.png'),(283,'hígago','liver','ee-gah-doh',12,'m','assets/images/liver.png'),(284,'sala de estar','living room','sah-lah deh ehs-tahr',8,'f','assets/images/living-room.png'),(285,'salón','living room','sah-lohn',8,'m','assets/images/living-room.png'),(286,'almuerzo','lunch','ahl-mwehr-soh',10,'m','assets/images/lunch.png'),(287,'pulmón','lung','pool-mohn',12,'m','assets/images/lung.png'),(288,'hombre','man','ohm-breh',7,'m','assets/images/man.png'),(289,'señor','man','seh-nyohr',7,'m','assets/images/man.png'),(290,'marzo','March','mahr-soh',1,'m','assets/images/march.png'),(291,'mayo','May','mah-yoh',1,'m','assets/images/may.png'),(292,'carne','meat','kahr-neh',10,'f','assets/images/meat.png'),(293,'melón','melon','meh-lohn',10,'m','assets/images/melon.png'),(294,'menú','menu','meh-noo',10,'m','assets/images/menu.png'),(295,'leche','milk','leh-cheh',10,'f','assets/images/milk.png'),(296,'minuto','minute','mee-noo-toh',21,'m','assets/images/minutes.png'),(297,'lunes','Monday','loo-nehs',1,'m','assets/images/monday.png'),(298,'espejo','mirror','ehs-peh-hoh',8,'m','assets/images/mirror.png'),(300,'dinero','money','dee-neh-roh',20,'m','assets/images/moneybag.png'),(301,'mes','month','mehs',1,'m','assets/images/month.png'),(302,'luna','moon','loo-nah',16,'f','assets/images/moon.png'),(303,'madre','mother','mah-dreh',6,'f','assets/images/mother.png'),(304,'montaña','mountain','mohn-tah-nyah',16,'f','assets/images/mountain.png'),(305,'ratón','mouse','rrah-tohn',15,'m','assets/images/mouse.png'),(306,'boca','mouth','boh-kah',12,'f','assets/images/lips.png'),(307,'músculo','muscle','moos-koo-loh',12,'m','assets/images/muscle.png'),(308,'hongo','mushroom','ohng-goh',10,'m','assets/images/mushroom.png'),(309,'bigote','mustache','bee-goh-teh',12,'m','assets/images/mustache.png'),(310,'naturaleza','nature','nah-too-rah-leh-sah',16,'f','assets/images/nature.png'),(311,'cuello','neck','kweh-yoh',12,'m','assets/images/neck.png'),(312,'collar','necklace','koh-yahr',11,'m','assets/images/necklace.png'),(313,'períodico','newspaper','peh-reeoh-dee-koh',8,'m','assets/images/newspaper.png'),(314,'diario','newspaper','dyah-ryoh',8,'m','assets/images/newspaper.png'),(315,'noche','night','noh-cheh',21,'f','assets/images/night.png'),(316,'nariz','nose','nah-rees',12,'f','assets/images/nose.png'),(317,'cuaderno','notebook','kwah-dehr-noh',8,'m','assets/images/notebook.png'),(318,'libreta','notebook','lee-breh-tah',8,'f','assets/images/notebook.png'),(319,'noviembre','November','noh-byehm-breh',1,'m','assets/images/november.png'),(321,'avena','oatmeal','ah-beh-nah',10,'f','assets/images/oatmeal.png'),(322,'océano','ocean','oh-seh-ah-noh',16,'m','assets/images/ocean.png'),(323,'octubre','October','ohk-too-breh',1,'m','assets/images/october.png'),(324,'aceite','oil','ah-sey-teh',10,'m','assets/images/oil.png'),(325,'aceituna','olive','ah-sey-too-nah',10,'f','assets/images/olive.png'),(326,'oliva','olive','oh-lee-bah',10,'f','assets/images/olive.png'),(327,'cebolla','onion','seh-boh-yah',10,'f','assets/images/onion.png'),(328,'anaranjado','orange','ah-nah-rahn-hah-doh',2,'f','assets/images/orange.png'),(329,'naranja','orange','nah-rahng-hah',10,'f','assets/images/orange.png'),(330,'horno','oven','ohr-noh',8,'m','assets/images/oven.png'),(331,'pintura','paint','peen-too-rah',8,'f','assets/images/paint.png'),(333,'pijama','pajamas','pee-yah-mah',11,'f','assets/images/pajamas.png'),(334,'panqueque','pancake','pahng-keh-keh',10,'m','assets/images/pancakes.png'),(335,'pantalón','pants','pahn-tah-lohn',11,'m','assets/images/pants.png'),(336,'papel','paper','pah-pehl',8,'m','assets/images/paper.png'),(337,'padres','parents','pah-drehs',6,'m','assets/images/parents.png'),(338,'parque','park','pahr-keh',16,'m','assets/images/park.png'),(339,'pasta','pasta','pahs-tah',10,'f','assets/images/pasta.png'),(340,'pasto','pasture','pahs-toh',16,'m','assets/images/pasture.png'),(341,'paz','peace','pahz',9,'f','assets/images/peace.png'),(342,'pera','pear','peh-rah',10,'f','assets/images/pear.png'),(343,'arveja','pea','ahr-beh-hah',10,'f','assets/images/peas.png'),(344,'pluma','pen','ploo-mah',8,'f','assets/images/pen1.png'),(345,'bolígrafo','pen','boh-lee-grah-foh',8,'m','assets/images/pen1.png'),(346,'lápiz','pencil','lah-pees',8,'m','assets/images/pencil.png'),(347,'pingüino','penguin','peeng-gwee-noh',15,'m','assets/images/penguin.png'),(348,'pimienta','pepper','pee-myehn-tah',10,'f','assets/images/pepper.png'),(349,'teléfono','phone','teh-leh-foh-noh',8,'m','assets/images/phone.png'),(351,'almohada','pillow','ahl-moh-ah-dah',8,'f','assets/images/pillow.png'),(352,'piña','pineapple','pee-nyah',10,'f','assets/images/pineapple.png'),(353,'rosado','pink','rroh-sah-doh',2,'','assets/images/pink.png'),(354,'pizza','pizza','pee-sah',10,'f','assets/images/pizza.png'),(355,'plato','plate','plah-toh',8,'m','assets/images/plate.png'),(356,'policía','police officer','poh-lee-see-ah',22,'f','assets/images/police.png'),(357,'estanque','pond','ehs-tahng-keh',16,'m','assets/images/pond.png'),(359,'papa','potato','pah-pah',10,'f','assets/images/potatoes.png'),(360,'patata','potato','pah-tah-tah',10,'f','assets/images/potatoes.png'),(362,'charco','puddle','chahr-koh',16,'m','assets/images/puddle.png'),(363,'reina','queen','rrey-nah',22,'f','assets/images/queen.png'),(365,'rábano','radish','rrah-bah-noh',10,'m','assets/images/radish.png'),(366,'llover','rain','yoh-behr',4,'','assets/images/rain.png'),(367,'arco iris','rainbow','ahr-koh ee-rees',4,'m','assets/images/rainbow.png'),(368,'frambuesa','raspberry','frahm-bweh-sah',10,'f','assets/images/raspberry.png'),(369,'navaja','razor','nah-bah-hah',8,'f','assets/images/razor.png'),(370,'rectángulo','rectangle','rrehk-tahng-goo-loh',23,'m','assets/images/rectangle.png'),(371,'rojo','red','rroh-hoh',2,'m','assets/images/red.png'),(372,'arroz','rice','ah-rrohs',10,'m','assets/images/rice.png'),(373,'anillo','ring','ah-nee-yoh',11,'m','assets/images/rings.png'),(374,'río','river','rree-oh',16,'m','assets/images/rio2.png'),(375,'piedra','rock','pyeh-drah',16,'f','assets/images/rock.png'),(376,'habitación','room','ah-bee-tah-syohn',8,'f','assets/images/room2.png'),(377,'gallo','rooster','gah-yoh',15,'m','assets/images/rooster.png'),(378,'ensalada','salad','ehn-sah-lah-dah',10,'f','assets/images/salad.png'),(379,'sal','salt','sahl',10,'f','assets/images/salt.png'),(380,'arena','sand','ah-reh-nah',16,'f','assets/images/sand.png'),(381,'sandalia','sandal','sahn-dah-lyah',11,'f','assets/images/sandals.png'),(382,'sándwich','sandwich','sahnd-weech',10,'m','assets/images/sandwich2.png'),(383,'emparedado','sandwich','ehm-pah-reh-dah-doh',10,'m','assets/images/sandwich2.png'),(384,'sábado','Saturday','sah-bah-doh',1,'m','assets/images/saturday.png'),(385,'salsa','sauce','sahl-sah',10,'f','assets/images/sauce.png'),(386,'salchicha','sausage','sahl-chee-chah',10,'f','assets/images/sausage.png'),(387,'bufanda','scarf','boo-fahn-dah',11,'f','assets/images/scarf.png'),(389,'huevo revuelto','scrambled egg','weh-boh rreh-bwehl-toh',10,'m','assets/images/scrambled-eggs.png'),(390,'estación','season','ehs-tah-syohn',1,'f','assets/images/seasons1.png'),(391,'temporada','season (sport)','tehm-poh-rah-dah',17,'f','assets/images/sport-season.png'),(392,'segundo','second','seh-goon-doh',21,'m','assets/images/seconds.png'),(393,'señorita','miss','seh-nyoh-ree-tah',7,'f','assets/images/senorita.png'),(395,'septiembre','September','sehp-tyehm-breh',1,'m','assets/images/september.png'),(396,'canilla','shin','kah-nee-yah',12,'f','assets/images/shin.png'),(397,'camisa','shirt','kah-mee-sah',11,'f','assets/images/shirt.png'),(398,'zapato','shoe','sah-pah-toh',11,'m','assets/images/shoe.png'),(399,'hombro','shoulder','ohm-broh',12,'m','assets/images/shoulder.png'),(400,'pala','shovel','pah-lah',8,'f','assets/images/shovel.png'),(401,'ducha','shower','doo-chah',8,'f','assets/images/shower.png'),(402,'plata','silver','plah-tah',16,'f','assets/images/silver.png'),(403,'hermana','sister','ehr-man-nah',6,'f','assets/images/sister.png'),(404,'falda','skirt','fahl-dah',11,'f','assets/images/skirt.png'),(405,'tentempié','snack','tehn-tehm-pyeh',10,'m','assets/images/snack.png'),(406,'serpiente','snake','sehr-pyehn-teh',15,'f','assets/images/snake.png'),(407,'zapato deportivo','sneaker','sah-pah-toh deh-pohr-tee-boh',11,'m','assets/images/sneaker.png'),(408,'nieve','snow','nyeh-beh',4,'f','assets/images/snow.png'),(409,'jabón','soap','hah-bohn',8,'m','assets/images/soap.png'),(410,'calcetín','sock','kahl-seh-teen',11,'m','assets/images/socks.png'),(411,'soda','soda','soh-dah',10,'f','assets/images/soda.png'),(412,'soldado','soldier','sohl-dah-doh',22,'m/f','assets/images/soldier.png'),(413,'hijo','son','ee-hoh',6,'m','assets/images/son.png'),(414,'sopa','soup','soh-pah',10,'f','assets/images/soup.png'),(415,'araña','spider','ah-rah-nyah',15,'f','assets/images/spider.png'),(416,'espinaca','spinach','ehs-pee-nah-kah',10,'f','assets/images/spinach.png'),(417,'primavera','spring','pree-mah-beh-rah',1,'f','assets/images/spring.png'),(418,'cuadrado','square','kwah-drah-doh',23,'m','assets/images/square.png'),(419,'escalera','stair','ehs-kah-leh-rah',8,'m','assets/images/stairs.png'),(420,'bistec','steak','bees-tehk',10,'m','assets/images/steak.png'),(421,'estómago','stomach','ehs-toh-mah-goh',12,'m','assets/images/stomach.png'),(422,'fresa','strawberry','freh-sah',10,'f','assets/images/strawberry.png'),(423,'estudiante','student','ehs-too-dyahn-teh',22,'m/f','assets/images/student.png'),(424,'azúcar','sugar','ah-soo-kahr',10,'m/f','assets/images/sugar.png'),(425,'traje','suit','trah-heh',11,'m','assets/images/suit.png'),(426,'verano','summer','beh-rah-noh',1,'m','assets/images/summer.png'),(427,'sol','sun','sohl',16,'m','assets/images/sun.png'),(428,'domingo','Sunday','doh-meeng-goh',1,'m','assets/images/sunday.png'),(429,'suéter','sweater','sweh-tehr',11,'m','assets/images/sweater.png'),(430,'piscina','swimming pool','pee-see-nah',8,'f','assets/images/swimming-pool.png'),(431,'mesa','table','meh-sah',8,'f','assets/images/table.png'),(432,'té','tea','teh',10,'m','assets/images/tea.png'),(434,'televisión','televison','teh-leh-bee-syohn',8,'f','assets/images/orange-color.png'),(435,'muslo','thigh','moos-loh',12,'m','assets/images/thigh.png'),(436,'garganta','throat','gahr-gahn-tah',12,'f','assets/images/orange-color.png'),(437,'pulgar','thumb','pool-gahr',12,'m','assets/images/thumb.png'),(438,'jueves','Thursday','hweh-behs',1,'m','assets/images/thursday.png'),(439,'corbata','tie','kohr-bah-tah',11,'f','assets/images/tie.png'),(440,'tigre','tiger','tee-greh',15,'m','assets/images/tiger.png'),(441,'pan tostado','toast','pahn tohs-tah-doh',10,'m','assets/images/toast.png'),(442,'dedo del pie','toe','deh-doh dehl pyeh',12,'m','assets/images/toe.png'),(443,'uña del pie','toenail','oo-nyah dehl pyeh',12,'f','assets/images/toenail.png'),(444,'inodoro','toilet','ee-noh-doh-roh',8,'m','assets/images/toilet.png'),(445,'tomate','tomato','toh-mah-teh',10,'m','assets/images/tomato.png'),(446,'lengua','tongue','lehng-gwah',12,'f','assets/images/tongue.png'),(447,'cepillo de dientes','toothbrush','seh-pee-yoh deh dyehn-tehs',8,'m','assets/images/toothbrush.png'),(448,'torso','torso','tohr-soh',12,'m','assets/images/torso.png'),(449,'toalla','towel','toh-ah-yah',8,'f','assets/images/towel.png'),(450,'jugete','toy','hoo-geh-teh',8,'m','assets/images/toy.png'),(451,'árbol','tree','ahr-bohl',16,'m','assets/images/tree.png'),(452,'rama','branch','rrah-mah',16,'f','assets/images/tree-branch.png'),(453,'tríanguloo','triangle','tryahng-goo-loh',23,'m','assets/images/triangle.png'),(454,'martes','Tuesday','mahr-tehs',1,'m','assets/images/tuesday.png'),(455,'pavo','turkey','pah-boh',15,'m','assets/images/turkey.png'),(456,'tortuga','turtle','tohr-too-gah',15,'f','assets/images/turtle.png'),(457,'paraguas','umbrella','pah-rah-gwahs',8,'m','assets/images/umbrella.png'),(458,'aspiradora','vacuum','ahs-pee-rah-doh-rah',8,'f','assets/images/vacuum.png'),(459,'ternera','veal','tehr-neh-rah',10,'f','assets/images/veal.png'),(460,'vegetal','vegetable','beh-heh-tahl',10,'m','assets/images/vegetables.png'),(461,'chaleco','vest','chah-leh-koh',11,'m','assets/images/vest.png'),(462,'pared','wall','pah-rehd',8,'f','assets/images/wall.png'),(463,'lavadora','washer','lah-bah-doh-rah',8,'f','assets/images/washer.png'),(464,'aqua','water','ah-gwah',10,'f','assets/images/water.png'),(465,'sandía','watermelon','sahn-dee-ah',10,'m','assets/images/watermelon.png'),(466,'clima','weather','klee-mah',4,'m','assets/images/weather.png'),(467,'miércoles','Wednesday','myehr-koh-lehs',1,'m','assets/images/wednesday.png'),(468,'semana','week','seh-mah-nah',1,'f','assets/images/week.png'),(469,'ballena','whale','bah-yeh-nah',15,'f','assets/images/whale.png'),(470,'esposa','wife','ehs-poh-sah',6,'f','assets/images/wife.png'),(471,'viento','wind','byehn-toh',4,'m','assets/images/wind.png'),(472,'ventana','window','behn-tah-nah',8,'m','assets/images/window.png'),(473,'vino','wine','bee-noh',10,'m','assets/images/wine.png'),(474,'invierno','winter','een-byehr-noh',1,'m','assets/images/winter.png'),(475,'mujer','woman','moo-hehr',7,'f','assets/images/woman.png'),(476,'bosque','woods','bohs-keh',16,'m','assets/images/woods.png'),(477,'muñeca','wrist','moo-nyeh-kah',12,'f','assets/images/wrist.png'),(478,'amarillo','yellow','ah-mah-ree-yoh',2,'m','assets/images/yellow.png'),(479,'yogur','yogurt','yoh-goorr',10,'m','assets/images/yogurt.png'),(480,'oso','bear (male)','oh-soh',15,'m','assets/images/bear.png'),(481,'osa','bear (female)','oh-sah',15,'f','assets/images/bear.png'),(482,'perro','dog (male)','peh-rroh',15,'m','assets/images/dog.png'),(483,'perra','dog (female)','peh-rrah',15,'f','assets/images/dog.png'),(484,'gato','cat (male)','gah-toh',15,'m','assets/images/cat.png'),(485,'gata','cat (female)','gah-tah',15,'f','assets/images/cat.png'),(486,'actor','actor (male)','ak-tohr',22,'m','assets/images/actor.png'),(487,'actriz','actor (female)','ak-trees',22,'f','assets/images/actor.png'),(488,'autor','author','ow-tohr',22,'m','assets/images/author.png'),(489,'autora','author (female)','ow-tohr-ah',22,'f','assets/images/author.png'),(490,'panadero','baker','pah-nah-deh-roh',22,'m','assets/images/baker.png'),(491,'panadera','baker','pah-nah-deh-rah',22,'f','assets/images/baker.png'),(492,'jefe','boss','heh-feh',22,'m','assets/images/boss.png'),(493,'jefa','boss','heh-fah',22,'f','assets/images/boss.png'),(494,'caja','box','kah-hah',8,'f','assets/images/box.png'),(495,'carpintero','carpenter','kahr-peen-teh-roh',22,'m','assets/images/carpenter.png'),(496,'carpintera','carpenter','kah-peen-teh-rah',22,'f','assets/images/carpenter.png'),(497,'cajero','cashier','kah-heh-roh',22,'m','assets/images/cashier.png'),(498,'cajera','cashier','kah-heh-rah',22,'f','assets/images/cashier.png'),(499,'primo','cousin','pree-moh',6,'m','assets/images/cousin.png'),(500,'prima','cousin','pree-mah',6,'f','assets/images/cousin.png'),(501,'doctor','doctor','dohk-tohr',22,'m','assets/images/doctor.png'),(502,'doctora','doctor','dohk-tohr-ah',22,'f','assets/images/doctor.png'),(503,'puerto','door','pwehr-toh',8,'m','assets/images/door.png'),(504,'puerta','door','pwehr-tah',8,'f','assets/images/door.png'),(505,'granjero','farmer (male)','granhg-heh-roh',22,'m','assets/images/farmer-male.png'),(506,'granjera','farmer (female)','grahng-heh-rah',22,'f','assets/images/farmer-female.png'),(507,'canguro','kangaroo','kahn-goo-roh',15,'m','assets/images/kangaroo.png'),(508,'cangura','kangaroo','kahng-goo-rah',15,'f','assets/images/kangaroo.png'),(509,'mono','monkey (male)','moh-noh',15,'m','assets/images/monkey.png'),(510,'mona','monkey (female)','moh-nah',15,'f','assets/images/monkey.png'),(511,'enfermero','nurse','ehn-fehr-meh-roh',22,'m','assets/images/nurse-male.png'),(512,'enfermera','nurse','ehn-fehr-meh-rah',22,'f','assets/images/nurse-female.png'),(513,'pintor','painter','peen-tohr',22,'m','assets/images/painter.png'),(514,'pintora','painter','peen-too-rah',22,'f','assets/images/painter.png'),(515,'cerdo','pig (male)','sehr-doh',15,'m','assets/images/pig.png'),(516,'cerda','pig (female)','sehr-dah',15,'f','assets/images/pig.png'),(517,'chancho','pork','chahn-choh',10,'m','assets/images/pork1.png'),(518,'chancha','pork','chahn-chah',10,'f','assets/images/pork1.png'),(519,'profesor','professor','proh-feh-sohr',22,'m','assets/images/professor.png'),(520,'profesora','professor','proh-feh-soh-rah',22,'f','assets/images/professor.png'),(521,'conejo','rabbit','koh-neh-hoh',15,'m','assets/images/rabbit.png'),(522,'coneja','rabbit','koh-neh-hah',15,'f','assets/images/rabbit.png'),(523,'cientifico','scientist','syehn-tee-fee-koh',22,'m','assets/images/scientist.png'),(524,'cientifica','scientist','syehn-tee-fee-kah',22,'f','assets/images/scientist.png'),(525,'secretario','secretary','seh-kreh-tah-ryoh',22,'m','assets/images/secretary.png'),(526,'secretaria','secretary','seh-kreh-tah-ryah',22,'f','assets/images/secretary.png'),(527,'maestro','teacher (male)','mah-ehs-troh',22,'m','assets/images/teacher.png'),(528,'maestra','teacher (female)','mah-ehs-trah',22,'f','assets/images/teacher.png'),(529,'cajón','drawer','kah-hohn',8,'m','assets/images/drawer.png'),(530,'día','day','dee-ah',1,'m','assets/images/day.png'),(531,'mañana','tomorrow','mah-nyah-nah',1,'','assets/images/day.png'),(532,'hoy','today','oy',1,'','assets/images/day.png'),(533,'ayer','yesterday','ah-yehr',1,'','assets/images/day.png'),(534,'agradable','nice','ah-grah-dah-bleh',9,'','assets/images/blank.png'),(535,'alegre','happy','ah-leh-greh',9,'','assets/images/happy.png'),(536,'barato','inexpensive, cheap','bah-rah-toh',9,'','assets/images/blank.png'),(537,'caro','expensive','kah-roh',9,'','assets/images/moneybag.png'),(538,'débil','weak','deh-beel',9,'','assets/images/blank.png'),(539,'delgado','slender, thin','dehl-gah-doh',9,'','assets/images/skinny.png'),(540,'difícil','difficult','dee-fee-seel',9,'','assets/images/blank.png'),(541,'estupendo','great, terrific','ehs-too-pehn-doh',9,'','assets/images/blank.png'),(542,'excelente','excellent','ehk-seh-lehn-teh',9,'','assets/images/blank.png'),(543,'fantástico','fantastic','fahn-tahs-tee-koh',9,'','assets/images/blank.png'),(544,'feliz','happy','feh-lees',9,'','assets/images/happy.png'),(545,'feo','ugly, badly','feh-oh',9,'','assets/images/orange-color.png'),(546,'flaco','thin','flah-koh',9,'','assets/images/skinny.png'),(547,'fuerte','strong','fwehr-teh',9,'','assets/images/muscle.png'),(548,'gordo','fat','gohr-doh',9,'','assets/images/fat.png'),(549,'guapo','handsome','gwah-poh',9,'','assets/images/blank.png'),(550,'hermoso','beautiful','ehr-moh-soh',9,'','assets/images/blank.png'),(551,'joven','young','hoh-behn',9,'','assets/images/blank.png'),(552,'pobre','poor','poh-breh',9,'','assets/images/blank.png'),(553,'rico','rich','rree-koh',9,'','assets/images/blank.png'),(554,'simpático','nice','seem-pah-tee-koh',9,'','assets/images/blank.png'),(555,'tacaño','stingy','tah-kah-nyoh',9,'','assets/images/blank.png'),(556,'triste','sad','trees-teh',9,'','assets/images/crying.png'),(557,'viejo','old','byeh-hoh',9,'','assets/images/grandfather.png'),(558,'pequeño','small, little','peh-keh-nyoh',9,'','assets/images/blank.png'),(559,'hambriento','hungry','ahn-bryehn-toh',9,'','assets/images/blank.png'),(560,'frío','cold','free-oh',9,'','assets/images/cold.png'),(561,'caliente','hot','kah-lyehn-teh',9,'','assets/images/hot.png'),(562,'sediento','thirsty','seh-dyehn-toh',9,'','assets/images/blank.png'),(563,'somnoliento','sleepy','sohm-noh-lyehn-toh',9,'','assets/images/sleepy.png'),(564,'enfermo','sick','ehn-fehr-moh',9,'','assets/images/sick.png'),(565,'preocupado','worried','preh-oh-koh-pah-doh',9,'','assets/images/worried.png'),(566,'confundido','confused','kohm-foon-dee-doh',9,'','assets/images/confused.png'),(567,'aburrido','bored','ah-boo-rree-doh',9,'','assets/images/bored.png'),(568,'frustrado','frustrated','froos-trah-doh',9,'','assets/images/frustrated.png'),(569,'cansado','tired','kahn-sah-doh',9,'','assets/images/tired.png'),(570,'sorprendido','surprised','sohr-prehn-dee-doh',9,'','assets/images/surprised.png'),(571,'bien','well','byehn',9,'','assets/images/blank.png'),(572,'temeroso','fearful, frightened','teh-meh-roh-soh',9,'','assets/images/fearful.png'),(573,'helicóptero','helicopter','eh-lee-kohp-teh-roh',14,'m','assets/images/helicopter.png'),(574,'yate','yacht','yah-teh',14,'m','assets/images/yacht.png'),(575,'tren','train','trehn',14,'m','assets/images/train.png'),(576,'tractor','tractor','trahk-tohr',14,'m','assets/images/tractor.png'),(577,'velero','sailboat','beh-leh-roh',14,'m','assets/images/sailboat.png'),(578,'avión','plane','ah-byohn',14,'m','assets/images/airplane.png'),(579,'aeropuerto','airport','ah-eh-roh-pwehr-toh',19,'m','assets/images/airport.png'),(580,'estadio','stadium','ehs-tah-dyoh',19,'m','assets/images/stadium.png'),(581,'ambulancia','ambulance','ahm-boo-lahn-syah',14,'f','assets/images/ambulance.png'),(582,'béisbol','baseball','beys-bohl',17,'m','assets/images/baseball.png'),(583,'baloncesto','basketball','bah-lohn-sehs-toh',17,'m','assets/images/basketball.png'),(584,'básketbol','basketball','bahs-keht-bohl',17,'m','assets/images/basketball.png'),(585,'críquet','cricket','kree-keh',17,'m','assets/images/cricket.png'),(586,'fútbol americano','football','foot-bohl ah-meh-ree-kah-noh',17,'m','assets/images/football.png'),(587,'golf','golf','galf',17,'m','assets/images/golf.png'),(588,'patinaje sobre hielo','ice skating','pah-tee-nah-heh soh-breh yeh-loh',17,'m','assets/images/ice-skating.png'),(589,'billar americano','pool','bee-yahr ah-meh-ree-kah-noh',17,'m','assets/images/pool-game.png'),(590,'fútbol','soccer','foot-bohl',17,'m','assets/images/soccer.png'),(591,'sóftbol','softball','soft-bohl',17,'m','assets/images/softball.png'),(592,'tenis','tennis','teh-nees',17,'m','assets/images/tennis.png'),(593,'voleibol','volleyball','boh-ley-bohl',17,'m','assets/images/volleyball.png'),(594,'camiseta','t-shirt','kah-mee-seh-tah',11,'f','assets/images/t-shirt.png'),(595,'violeta','violet','byoh-leh-tah',2,'','assets/images/violet.png'),(596,'cráneo','skull','krah-neh-oh',12,'m','assets/images/skull.png'),(597,'segundo','second','seh-goon-doh',3,'','assets/images/blank.png'),(598,'tercero','third','tehr-seh-roh',3,'','assets/images/blank.png'),(599,'cuarto','fourth','kwahr-toh',3,'','assets/images/blank.png'),(600,'quinto','fifth','keen-toh',3,'','assets/images/blank.png'),(601,'sexto','sixth','sehks-toh',3,'','assets/images/blank.png'),(602,'séptimo','seventh','sehp-tee-moh',3,'','assets/images/blank.png'),(603,'octavo','eighth','ohk-tah-boh',3,'','assets/images/blank.png'),(604,'noveno','ninth','noh-beh-noh',3,'','assets/images/blank.png'),(605,'décimo','tenth','deh-see-moh',3,'','assets/images/blank.png'),(606,'hora','hour','oh-rah',21,'f','assets/images/clock.png'),(607,'temprano','early','tehm-prah-noh',21,'','assets/images/blank.png'),(608,'tarde','late','tahr-deh',21,'','assets/images/blank.png'),(609,'mediodía','noon','meh-dyoh-dee-ah',21,'m','assets/images/12-oclock.png'),(610,'medianoche','midnight','meh-dyah-noh-cheh',21,'f','assets/images/12-oclock.png'),(611,'la una','one o\'clock','la una',21,'','assets/images/1-oclock.png'),(612,'las dos','two o\'clock','lahs dose',21,'','assets/images/2-oclock.png'),(613,'las tres','three o\'clock','lahs trehs',21,'','assets/images/3-oclock.png'),(614,'las cuatro','four o\'clock','lahs kwah-troh',21,'','assets/images/4-oclock.png'),(615,'las cinco','five o\'clock','lahs seeng-koh',21,'','assets/images/5-oclock.png'),(616,'las seis','six o\'clock','lahs seys',21,'','assets/images/6-oclock.png'),(617,'las siete','seven o\'clock','lahs syeh-teh',21,'','assets/images/7-oclock.png'),(618,'las ocho','eight o\'clock','lahs oh-choh',21,'','assets/images/8-oclock.png'),(619,'las nueve','nine o\'clock','lahs nweh-beh',21,'','assets/images/9-oclock.png'),(620,'las diez','ten o\'clock','lahs dyehs',21,'','assets/images/10-oclock.png'),(621,'las once','eleven o\'clock','lahs ohn-seh',21,'','assets/images/11-oclock.png'),(622,'horario de verano','daylight saving time','oh-rah deh beh-rah-noh',21,'','assets/images/clock.png'),(623,'hora estándar','standard time','oh-rah ehs-tahn-dahr',21,'','assets/images/clock.png'),(624,'suegro','father-in-law','sweh-groh',6,'m','assets/images/blank.png'),(625,'suegra','mother-in-law','sweh-grah',6,'f','assets/images/blank.png'),(626,'padrastro','stepfather','pah-drahs-troh',6,'m','assets/images/father.png'),(627,'madrastra','stepmother','mah-drahs-trah',6,'f','assets/images/mother.png'),(628,'hermanastro','stepbrother','ehr-mah-nahs-troh',6,'m','assets/images/brother.png'),(629,'hermanastra','stepsister','ehr-mah-nahs-trah',6,'f','assets/images/sister.png'),(630,'ajedrez','chess','ah-heh-drehs',17,'m','assets/images/chess.png'),(631,'damas','checkers','dah-mahs',12,'f','assets/images/checker-board.png'),(632,'centavo','cent','sehn-tah-boh',20,'m','assets/images/coins.png'),(633,'moneda de cinco centavos','five-cent coin','moh-neh-dah deh seeng-koh sehn-tah-bohs',20,'f','assets/images/coins.png'),(634,'moneda de diez centavos','ten-cent coin','moh-neh-dah deh dyehs sehn-tah-bohs',20,'f','assets/images/coins.png'),(635,'moneda de veintcinco centavos','twenty-five cent coin','moh-neh-dah deh beyn-tee-seeng-koh',20,'f','assets/images/coins.png'),(636,'moneda de medio dólar','half-dollar coin','moh-neh-dah deh meh-dyoh doh-lahr',20,'f','assets/images/coins.png'),(637,'moneda de dólar','dollar','moh-neh-dah deh doh-lahr',20,'f','assets/images/coins.png'),(638,'dólar','dollar','doh-lahr',20,'m','assets/images/dollar-bills.png'),(639,'cinco dólares','five dollars','seeng-koh doh-lahr-ehs',20,'m','assets/images/dollar-bills.png'),(640,'diez dólares','ten dollars','dyehs doh-lahr-ehs',20,'m','assets/images/dollar-bills.png'),(641,'veinte dólares','twenty dollars','beyn-teh doh-lahr-ehs',20,'m','assets/images/dollar-bills.png'),(642,'cincuenta dólares','fifty dollars','seeng-kwehn-tah doh-lahr-ehs',20,'m','assets/images/dollar-bills.png'),(643,'cien dólares','one hundred dollars','syehn doh-lahr-ehs',20,'m','assets/images/dollar-bills.png'),(644,'dinero en efectivo','cash','dee-neh-roh ehn eh-fehk-tee-boh',20,'m','assets/images/dollar-bills.png'),(645,'tarjeta de débito','debit card','tahr-heh-tah deh deh-bee-toh',20,'f','assets/images/credit-card.png'),(646,'tarjeta de regalo','gift card','tahr-heh-tah deh rreh-gah-loh',20,'f','assets/images/credit-card.png'),(647,'cheque','check','cheh-keh',20,'m','assets/images/check.png'),(648,'cheque de viajero','traveler\'s check','cheh-keh deh byah-heh-roh',20,'m','assets/images/check.png'),(649,'precio','price','preh-syoh',20,'m','assets/images/dollar-bills.png'),(650,'precio normal','regular price','preh-syoh nohr-mahl',20,'m','assets/images/dollar-bills.png'),(651,'precio de oferta','sale price','preh-syoh oh-fehr-tah',20,'m','assets/images/dollar-bills.png'),(652,'recibo','receipt','rreh-see-boh',20,'m','assets/images/receipt.png'),(653,'impuesto de ventas','sales tax','eem-pwehs-toh deh behn-tahs',20,'m','assets/images/blank.png'),(654,'costo','cost','kohs-toh',20,'m','assets/images/blank.png'),(655,'caja','cash register','kah-hah',20,'f','assets/images/cash-register.png'),(656,'pulgada','inch','pool-gah-dah',5,'f','assets/images/ruler.png'),(657,'centímetro','centimeter','sehn-tee-meh-troh',5,'m','assets/images/ruler.png'),(658,'milímetro','millimeter','mee-lee-meh-troh',5,'m','assets/images/ruler.png'),(659,'pie','foot','pyeh',5,'m','assets/images/ruler.png'),(660,'yarda','yard','yard',5,'f','assets/images/ruler.png'),(661,'milla','mile','mee-yah',5,'f','assets/images/ruler.png'),(662,'metro','meter','meh-troh',5,'m','assets/images/ruler.png'),(663,'kilómetro','kilometer','kee-loh-meh-troh',5,'m','assets/images/ruler.png'),(664,'libra','pound','lee-brah',5,'f','assets/images/scale.png'),(665,'onza','ounce','ohn-sah',5,'f','assets/images/measuring-cup.png'),(666,'pinta','pint','peen-tah',5,'f','assets/images/measuring-cup.png'),(667,'cuarto de galón','quart','kwahr-toh deh gah-lohn',5,'m','assets/images/measuring-cup.png'),(668,'medio galón','half gallon','meh-dyoh gah-lohn',5,'m','assets/images/measuring-cup.png'),(669,'galón','gallon','gah-lohn',5,'m','assets/images/measuring-cup.png'),(670,'tonelada','ton','toh-neh-lah-dah',5,'f','assets/images/scale.png'),(671,'weight','peso','peh-soh',5,'m','assets/images/scale.png'),(672,'área','area','ah-reh-ah',5,'m','assets/images/ruler.png'),(673,'circunferencia','circumference','seer-koon-feh-rehn-syah',5,'f','assets/images/compass-circle.png'),(674,'ángulo','angle','ahn-goo-loh',5,'m','assets/images/protractor.png'),(675,'grado','degree','grah-doh',5,'m','assets/images/thermometer.png'),(676,'enfermedad','illness','ehm-fehr-meh-dahd',13,'f','assets/images/medicine.png'),(677,'diabetes','diabetes','dyah-beh-tehs',13,'f','assets/images/medicine.png'),(678,'cáncer','cancer','kahn-sehr',13,'m','assets/images/medicine.png'),(679,'asma','asthma','ahs-mah',13,'f','assets/images/medicine.png'),(680,'pulmonía','pneumonia','pool-moh-nee-ah',13,'f','assets/images/medicine.png'),(681,'cardiopatía','heart disease','kahr-dyoh-pah-tee-ah',13,'f','assets/images/medicine.png'),(682,'ataque al corazón','heart attack','ah-tah-keh ahl koh-rah-sohn',13,'m','assets/images/medicine.png'),(683,'derrame cerebral','brain hemorrhage','deh-rrah-meh seh-reh-brahl',13,'m','assets/images/medicine.png'),(684,'esguince','sprain','ehs-geen-seh',13,'m','assets/images/medicine.png'),(685,'alergia','allergy','ah-lehr-hyah',13,'f','assets/images/medicine.png'),(686,'resfriado','cold','rrehs-fryah-doh',13,'m','assets/images/medicine.png'),(687,'virus','virus','bee-roos',13,'m','assets/images/medicine.png'),(688,'medicina','medicine','meh-dee-see-nah',13,'f','assets/images/medicine.png'),(689,'varicela','chicken pox','bah-ree-seh-lah',13,'f','assets/images/medicine.png'),(690,'vacuna','vaccine','bah-loo-nah',13,'f','assets/images/medicine.png'),(691,'hipertensión','high blood pressure','ee-pehr-tehn-syohn',13,'f','assets/images/medicine.png'),(692,'sangre','blood','sahng-greh',12,'f','assets/images/blood.png'),(693,'piel','skin','pyehl',12,'f','assets/images/skin.png'),(694,'pantorrilla','calf','pahn-toh-rree-yah',12,'f','assets/images/calf.png'),(695,'cough','tos','tohs',13,'f','assets/images/cough.png'),(696,'sneeze','estonudo','ehs-tohr-noo-doh',13,'m','assets/images/sneeze.png'),(697,'fiebre','fever','fyeh-breh',13,'f','assets/images/fever.png'),(698,'gripe','flu','gree-peh',13,'f','assets/images/fever.png'),(699,'dolor de garganta','sore throat','doh-lohr deh gahr-gahn-tah',13,'m','assets/images/sore-throat.png'),(700,'dolor','pain','doh-lohr',13,'m','assets/images/pain.png'),(701,'llaga','wound','yah-gah',13,'f','assets/images/wound.png'),(702,'acné','acne','ahk-neh',13,'m','assets/images/acne.png'),(703,'quemadura','burn','keh-mah-doo-rah',13,'f','assets/images/burn.png'),(704,'tú','you (informal)','too',7,'','assets/images/blank.png'),(705,'él','he','ehl',7,'','assets/images/blank.png'),(706,'ella','she','eh-yah',7,'','assets/images/blank.png'),(707,'usted','you (formal)','oos-tehd',7,'','assets/images/blank.png'),(708,'nosotros','we','noh-soh-trohs',7,'','assets/images/blank.png'),(709,'vosotros','you (plural, informal)','boh-soh-trohs',7,'','assets/images/blank.png'),(710,'ustedes','you (plural, formal)','oos-teh-dehs',7,'','assets/images/blank.png'),(711,'ellos','they (masculine)','eh-yohs',7,'','assets/images/blank.png'),(712,'ellas','they (female)','eh-yahs',7,'','assets/images/blank.png'),(713,'rápidamente','quickly','rrah-pee-dah-mehn-teh',24,'','assets/images/blank.png'),(714,'rápido','quick','rrah-pee-doh',24,'','assets/images/blank.png'),(715,'lentamente','slowly','lehn-tah-mehn-teh',24,'','assets/images/blank.png'),(716,'despacio','slow','dehs-pah-syoh',24,'','assets/images/blank.png'),(717,'fácilmente','easily','fah-seel-mehn-teh',24,'','assets/images/blank.png'),(718,'difícilmente','with difficulty','dee-fee-seel-mehn-teh',24,'','assets/images/blank.png'),(719,'bien','well','byehn',24,'','assets/images/blank.png'),(720,'mal','badly','mahl',24,'','assets/images/blank.png'),(721,'muy','very','mwee',24,'','assets/images/blank.png'),(722,'perfectamente','perfectly','pehr-fehk-tah-mehn-teh',24,'','assets/images/blank.png'),(723,'además','furthermore, besides','ah-deh-mahs',24,'','assets/images/blank.png'),(724,'así','like this','ah-see',24,'','assets/images/blank.png'),(725,'normalmente','normally','nohr-mahl-mehn-teh',24,'','assets/images/blank.png'),(726,'básicamente','basically','bah-see-keh-mehn-teh',24,'','assets/images/blank.png'),(727,'cuidadosamente','carefully','kwee-dah-doh-sah-mehn-teh',24,'','assets/images/blank.png'),(728,'ruidosamente','loudly','rrwee-doh-sah-mehn-teh',24,'','assets/images/blank.png'),(729,'silenciosamente','quietly','see-lehn-syoh-sah-mehn-teh',24,'','assets/images/blank.png'),(730,'siempre','always','syehm-preh',24,'','assets/images/blank.png'),(731,'a menudo','often','ah meh-noo-doh',24,'','assets/images/blank.png'),(732,'mucho','a lot','moo-choh',24,'','assets/images/blank.png'),(733,'frecuentemente','frequently','freh-kwehn-teh-mehn-teh',24,'','assets/images/blank.png'),(734,'diariamente','daily','dyah-ryah-mehn-teh',24,'','assets/images/blank.png'),(735,'todos los días','everyday','toh-dohs lohs dee-ahs',24,'','assets/images/blank.png'),(736,'bastante','enough','bahs-tahn-teh',24,'','assets/images/blank.png'),(737,'los bolos','bowling','lohs boh-lohs',17,'m','assets/images/bowling.png'),(738,'boxeo','boxing','bohk-seh-oh',17,'m','assets/images/boxing.png'),(739,'hacer skateboard','skateboarding','ah-sehr ehs-keyt-bohr',17,'m','assets/images/skateboard.png'),(740,'tijera','scissors','tee-heh-rah',8,'f','assets/images/scissors.png'),(741,'alfombra','carpet','ahl-fohm-brah',8,'f','assets/images/carpet.png'),(742,'banco','bank','bahng-koh',19,'m','assets/images/bank.png'),(743,'regla','ruler','rreh-glah',8,'f','assets/images/ruler.png'),(744,'transportador','protractor','trahns-pohr-tah-dohr',5,'m','assets/images/protractor.png'),(745,'compás','compass','kohm-pahs',5,'m','assets/images/compass-circle.png'),(746,'niebla','fog','nyeh-blah',4,'f','assets/images/fog.png'),(747,'novia','girlfriend','noh-bee-ah',6,'f','assets/images/girlfriend.png'),(748,'hotel','hotel','oh-tehl',19,'m','assets/images/hotel.png'),(749,'abogado','lawyer (male)','ah-boh-gah-doh',22,'m','assets/images/law.png'),(750,'abogada','lawyer (female)','ah-boh-gah-dah',22,'f','assets/images/law.png'),(751,'payaso','clown','pay-yah-soh',22,'m','assets/images/clown.png'),(752,'poco','a little','poh-koh',24,'','assets/images/blank.png'),(753,'apenas','hardly','ah-peh-nahs',24,'','assets/images/blank.png'),(754,'nunca','never','noong-kah',24,'','assets/images/blank.png'),(755,'jamás','never','hah-mahs',24,'','assets/images/blank.png'),(756,'aquí','here','ah-kee',24,'','assets/images/blank.png'),(757,'allí','there','ah-yee',24,'','assets/images/blank.png'),(758,'adentro','inside','ah-dehn-troh',24,'','assets/images/blank.png'),(759,'afuera','outside','ah-fweh-rah',24,'','assets/images/blank.png'),(760,'cerca','close','sehr-kah',24,'','assets/images/blank.png'),(761,'lejos','far','leh-hohs',24,'','assets/images/blank.png'),(762,'adelante','in front','ah-deh-lahn-teh',24,'','assets/images/blank.png'),(763,'atrás','behind','ah-trahs',24,'','assets/images/blank.png'),(764,'más','more','mahs',24,'','assets/images/blank.png'),(765,'mar','sea','mahr',16,'m/f','assets/images/ocean.png'),(766,'cielo','sky','syeh-loh',16,'m','assets/images/sky.png'),(767,'Alemania','Germany','ah - leh - mah - nyah',159,'','/images/Flag-Germany.webp'),(768,'Rusia','Russia','ruh - shuh',159,'','/images/Flag-Russia.webp'),(769,'Francia','France','frahns',159,'','/images/Flag-France.webp'),(770,'Taiwán','Taiwan','tay - wan',159,'','/images/Flag-Taiwan.webp'),(771,'Estados Unidos','United States','yu - nay - dihd   steyts',159,'',''),(772,'Italia','Italy','ih - tuh - li',159,'',''),(773,'Japón','Japan','juh - pahn',159,'','/images/Flag-Japan.webp'),(774,'Irlanda','Ireland','ayuh - luhnd',159,'','/images/FLAG-Ireland.webp'),(775,'Brasil','Brazil','bruh - zihl',159,'','/images/Flag-Brazil.webp'),(776,'Australia','Australia','a - strey - li - uh',159,'','/images/Flag-Australia.webp'),(777,'India','India','ihn - di - uh',159,'','/images/Flag-India.webp'),(778,'China','China','chee - nah',159,'','/images/Flag-China.webp'),(779,'Canadá','Canada','kah - nuh - duh',159,'','/images/Flag-Canada.webp'),(780,'México','Mexico','meh - hee - koh',159,'','/images/Flag-Mexico.webp'),(781,'España','Spain','ehs - pah - nyah',159,'','/images/Flag-Spain.webp'),(782,'Panamá','Panama','pah - nah - mah',159,'','/images/Flag-Panama.webp');
/*!40000 ALTER TABLE `Words` ENABLE KEYS */;
UNLOCK TABLES;

--
-- Table structure for table `sqlite_sequence`
--

DROP TABLE IF EXISTS `sqlite_sequence`;
/*!40101 SET @saved_cs_client     = @@character_set_client */;
/*!40101 SET character_set_client = utf8 */;
CREATE TABLE `sqlite_sequence` (
  `name` varchar(10) DEFAULT NULL,
  `seq` smallint(6) DEFAULT NULL
) ENGINE=InnoDB DEFAULT CHARSET=utf8mb4;
/*!40101 SET character_set_client = @saved_cs_client */;

--
-- Dumping data for table `sqlite_sequence`
--

LOCK TABLES `sqlite_sequence` WRITE;
/*!40000 ALTER TABLE `sqlite_sequence` DISABLE KEYS */;
INSERT INTO `sqlite_sequence` VALUES ('Categories',159),('Words',782);
/*!40000 ALTER TABLE `sqlite_sequence` ENABLE KEYS */;
UNLOCK TABLES;
/*!40103 SET TIME_ZONE=@OLD_TIME_ZONE */;

/*!40101 SET SQL_MODE=@OLD_SQL_MODE */;
/*!40014 SET FOREIGN_KEY_CHECKS=@OLD_FOREIGN_KEY_CHECKS */;
/*!40014 SET UNIQUE_CHECKS=@OLD_UNIQUE_CHECKS */;
/*!40101 SET CHARACTER_SET_CLIENT=@OLD_CHARACTER_SET_CLIENT */;
/*!40101 SET CHARACTER_SET_RESULTS=@OLD_CHARACTER_SET_RESULTS */;
/*!40101 SET COLLATION_CONNECTION=@OLD_COLLATION_CONNECTION */;
/*!40111 SET SQL_NOTES=@OLD_SQL_NOTES */;

-- Dump completed on 2022-12-27 22:44:46
